id,created_at,category_id,updated_at,type,title
01KHPX62K54K609Z,2024-07-11 12:51:11.889921+00,01KHPX62GKGX3BSS,,STATIC,"{""az"":""Ötürücü"",""en"":""Gear"",""ru"":""Механизм""}"
01KHPX62K56FD6MR,2024-07-11 12:51:11.889921+00,01KHPX62GKGX3BSS,,DYNAMIC,"{""az"":""Ban növü"",""en"":""Ban type"",""ru"":""Тип бана""}"
01KHPX62K56RHG0D,2024-07-11 12:51:11.889921+00,01KHPX62GKGX3BSS,,STATIC,"{""az"":""Yanacaq növü"",""en"":""Fuel type"",""ru"":""Тип топлива""}"
01KHPX62K574WWB6,2024-07-11 12:51:11.889921+00,01KHPX62GKGX3BSS,,STATIC,"{""az"":""Vuruğu var"",""en"":""It has a stroke"",""ru"":""У него инсульт""}"
01KHPX62K5809R2Q,2024-07-11 12:51:11.889921+00,01KHPX62GKGX3BSS,,STATIC,"{""az"":""Vəziyyəti"",""en"":""The situation"",""ru"":""Ситуация""}"
01KHPX62K5AVSPK0,2024-07-11 12:51:11.889921+00,01KHPX62GKGX3BSS,,DYNAMIC,"{""az"":""Model"",""en"":""Model"",""ru"":""Модель""}"
01KHPX62K5CE5DVQ,2024-07-11 12:51:11.889921+00,01KHPX62GKGX3BSS,,STATIC,"{""az"":""Buraxılış ili"",""en"":""graduation year"",""ru"":""год выпуска""}"
01KHPX62K5CMP07P,2024-07-11 12:51:11.889921+00,01KHPX62GK3SDAX9,,STATIC,"{""az"":""Çatdırılma var"",""en"":""Delivery available"",""ru"":""Возможна доставка""}"
01KHPX62K5D86YYM,2024-07-11 12:51:11.889921+00,01KHPX62GMVCN92B,,STATIC,"{""az"":""Yeni"",""en"":""New"",""ru"":""Новый""}"
01KHPX62K5DG6AJZ,2024-07-11 12:51:11.889921+00,01KHPX62GK58P4VP,,STATIC,"{""az"":""Qəzet növləri"",""en"":""Types of newspapers"",""ru"":""Виды газет""}"
01KHPX62K5EJDR4C,2024-07-11 12:51:11.889921+00,01KHPX62GKEBECRM,,STATIC,"{""az"":""Veb saytın domeni"",""en"":""The domain of the website"",""ru"":""Домен веб-сайта""}"
01KHPX62K5KGJQZQ,2024-07-11 12:51:11.889921+00,01KHPX62GKGX3BSS,,STATIC,"{""az"":""Sürətlər qutusu"",""en"":""Gear box"",""ru"":""Коробка передач""}"
01KHPX62K5MAGWEP,2024-07-11 12:51:11.889921+00,01KHPX62GKGX3BSS,,STATIC,"{""az"":""Rəng"",""en"":""Color"",""ru"":""Цвет""}"
01KHPX62K5MEP65J,2024-07-11 12:51:11.889921+00,01KHPX62GKGX3BSS,,DYNAMIC,"{""az"":""Yürüş"",""en"":""March"",""ru"":""Маршировать""}"
01KHPX62K5NS7NC8,2024-07-11 12:51:11.889921+00,01KHPX62GM1HVCPH,,STATIC,"{""az"":""Faliyət sahəsi"",""en"":""Area of ​​operation"",""ru"":""Область деятельности""}"
01KHPX62K5THZQRJ,2024-07-11 12:51:11.889921+00,01KHPX62GK58P4VP,,STATIC,"{""az"":""Jurnal növləri"",""en"":""Journal types"",""ru"":""Типы журналов""}"
01KHPX62K5TTG5VD,2024-07-11 12:51:11.889921+00,01KHPX62GMT935NJ,,STATIC,"{""az"":""Universitetlər"",""en"":""Universities"",""ru"":""Университеты""}"
01KHPX62K5VVHN7W,2024-07-11 12:51:11.889921+00,01KHPX62GKGX3BSS,,STATIC,"{""az"":""Mühərrikin həcmi, sm3"",""en"":""Engine volume, cm3"",""ru"":""Объем двигателя, см3""}"
01KHPX62K5WPX30G,2024-07-11 12:51:11.889921+00,01KHPX62GMJ7R3MJ,,STATIC,"{""az"":""Kurs növü"",""en"":""Course type"",""ru"":""Тип курса""}"
01KHPX62K5X3TDXZ,2024-07-11 12:51:11.889921+00,01KHPX62GKGX3BSS,,DYNAMIC,"{""az"":""Marka növü"",""en"":""Brand type"",""ru"":""Тип бренда""}"
01KHPX62K5ZR5AH9,2024-07-11 12:51:11.889921+00,01KHPX62GK3SDAX9,,STATIC,"{""az"":""Kitabın vəziyyəti"",""en"":""Condition of the book"",""ru"":""Состояние книги""}"
01KHPX62K5ZSFBR0,2024-07-11 12:51:11.889921+00,01KHPX62GKS14YFC,,STATIC,"{""az"":""Ləvazimat növü"",""en"":""Equipment type"",""ru"":""Тип оборудования""}"
01KHPX62K602WX6D,2024-07-11 12:51:11.889921+00,01KHPX62GK5JMAVR,,STATIC,"{""az"":""İş növü Maliyyə"",""en"":""Type Type Finance"",""ru"":""Вид работы Финансы""}"
01KHPX62K60DK9ZW,2024-07-11 12:51:11.889921+00,01KHPX62GKSSWG9R,,DYNAMIC,"{""az"":""Mərtəbə sayı"",""en"":""Number of floors"",""ru"":""Количество этажей""}"
01KHPX62K60G1BTQ,2024-07-11 12:51:11.889921+00,01KHPX62GM00D7YY,,DYNAMIC,"{""az"":""Digər"",""en"":""Other"",""ru"":""Другой""}"
01KHPX62K618N4B7,2024-07-11 12:51:11.889921+00,01KHPX62GME4NNDZ,,STATIC,"{""az"":""Kupça çıxarış"",""en"":""Kupcha extract"",""ru"":""Экстракт Купчи""}"
01KHPX62K61BSKT1,2024-07-11 12:51:11.889921+00,01KHPX62GMAP159F,,STATIC,"{""az"":""Qüş yemləri"",""en"":""Bird feed"",""ru"":""Корм для птиц""}"
01KHPX62K61DVCRZ,2024-07-11 12:51:11.889921+00,01KHPX62GMAP159F,,STATIC,"{""az"":""Qüş qəfəsləri"",""en"":""Bird cages"",""ru"":""Клетки для птиц""}"
01KHPX62K61K8DNN,2024-07-11 12:51:11.889921+00,01KHPX62GMJAPQGC,,DYNAMIC,"{""az"":""Mərtəbə sayı"",""en"":""Number of floors"",""ru"":""Количество этажей""}"
01KHPX62K61MBJ5E,2024-07-11 12:51:11.889921+00,01KHPX62GKGX3BSS,,STATIC,"{""az"":""Rənglənib"",""en"":""It is colored"",""ru"":""Он цветной""}"
01KHPX62K628R44D,2024-07-11 12:51:11.889921+00,01KHPX62GM00D7YY,,STATIC,"{""az"":""Operativ yaddaş (RAM) həcmi"",""en"":""The amount of RAM"",""ru"":""Объем оперативной памяти""}"
01KHPX62K62B5973,2024-07-11 12:51:11.889921+00,01KHPX62GMY552A1,,STATIC,"{""az"":""Aksesuarlar"",""en"":""Accessories"",""ru"":""Аксессуары""}"
01KHPX62K62JJQ0D,2024-07-11 12:51:11.889921+00,01KHPX62GMN4BH9M,,STATIC,"{""az"":""Təmir vəziyyəti"",""en"":""Repair condition"",""ru"":""Состояние ремонта""}"
01KHPX62K62NDY19,2024-07-11 12:51:11.889921+00,01KHPX62GMQ4QKRS,,STATIC,"{""az"":""Çatdırılma var"",""en"":""Delivery available"",""ru"":""Возможна доставка""}"
01KHPX62K631NDQE,2024-07-11 12:51:11.889921+00,01KHPX62GMGFGCDB,,DYNAMIC,"{""az"":""Sahəsi"",""en"":""Area"",""ru"":""Область""}"
01KHPX62K636Y38E,2024-07-11 12:51:11.889921+00,01KHPX62GMDBVRHR,,STATIC,"{""az"":""İtin cinsi"",""en"":""The breed of the dog"",""ru"":""Порода собаки""}"
01KHPX62K639Y2N9,2024-07-11 12:51:11.889921+00,01KHPX62GKSSWG9R,,STATIC,"{""az"":""Otaq sayı"",""en"":""Number of rooms"",""ru"":""Количество комнат""}"
01KHPX62K63H6P11,2024-07-11 12:51:11.889921+00,01KHPX62GMY552A1,,STATIC,"{""az"":""Yeni"",""en"":""New"",""ru"":""Новый""}"
01KHPX62K6461Z1Y,2024-07-11 12:51:11.889921+00,01KHPX62GMAWAHV6,,STATIC,"{""az"":""Satılır / Kirayə verilir"",""en"":""For Sale / For Rent"",""ru"":""Продажа/Аренда""}"
01KHPX62K64EVXJ7,2024-07-11 12:51:11.889921+00,01KHPX62GMY552A1,,STATIC,"{""az"":""Stasionar Telefonlar"",""en"":""Landline Phones"",""ru"":""Стационарные телефоны""}"
01KHPX62K64KG8TC,2024-07-11 12:51:11.889921+00,01KHPX62GM00D7YY,,STATIC,"{""az"":""Ofis cihaz növləri"",""en"":""Types of office equipment"",""ru"":""Виды офисного оборудования""}"
01KHPX62K64M3YHV,2024-07-11 12:51:11.889921+00,01KHPX62GM00D7YY,,DYNAMIC,"{""az"":""Qida bloku Voltajı"",""en"":""Power supply voltage"",""ru"":""Напряжение источника питания""}"
01KHPX62K64RXN4F,2024-07-11 12:51:11.889921+00,01KHPX62GMN4BH9M,,STATIC,"{""az"":""Tikilinin vəziyyəti"",""en"":""The condition of the building"",""ru"":""Состояние здания""}"
01KHPX62K659K8PQ,2024-07-11 12:51:11.889921+00,01KHPX62GKSSWG9R,,DYNAMIC,"{""az"":""Sahəsi"",""en"":""Area"",""ru"":""Область""}"
01KHPX62K65NN54E,2024-07-11 12:51:11.889921+00,01KHPX62GMPNE77G,,STATIC,"{""az"":""Balıq növü"",""en"":""Type of fish"",""ru"":""Вид рыбы""}"
01KHPX62K65VH05M,2024-07-11 12:51:11.889921+00,01KHPX62GM8C5GVH,,STATIC,"{""az"":""Çatdırılma var"",""en"":""Delivery available"",""ru"":""Возможна доставка""}"
01KHPX62K65ZTFPE,2024-07-11 12:51:11.889921+00,01KHPX62GMJTMVX7,,STATIC,"{""az"":""Yeni"",""en"":""New"",""ru"":""Новый""}"
01KHPX62K65ZZ72X,2024-07-11 12:51:11.889921+00,01KHPX62GKSSWG9R,,STATIC,"{""az"":""Tikilinin vəziyyəti"",""en"":""The condition of the building"",""ru"":""Состояние здания""}"
01KHPX62K66C6K6X,2024-07-11 12:51:11.889921+00,01KHPX62GM00D7YY,,STATIC,"{""az"":""Keyslər və korpuslar növü"",""en"":""Type of cases and cases"",""ru"":""Тип дел и дел""}"
01KHPX62K66F9TNA,2024-07-11 12:51:11.889921+00,01KHPX62GMQ4QKRS,,STATIC,"{""az"":""İşıqlar və İşıqlandırma növləri"",""en"":""Lights and Types of Lighting"",""ru"":""Свет и типы освещения""}"
01KHPX62K66WS9TX,2024-07-11 12:51:11.889921+00,01KHPX62GM00D7YY,,STATIC,"{""az"":""Anaplata növü"",""en"":""Motherboard type"",""ru"":""Тип материнской платы""}"
01KHPX62K66XH8F2,2024-07-11 12:51:11.889921+00,01KHPX62GM00D7YY,,STATIC,"{""az"":""Monitor və ekran növləri"",""en"":""Types of monitors and screens"",""ru"":""Типы мониторов и экранов""}"
01KHPX62K67BQAGK,2024-07-11 12:51:11.889921+00,01KHPX62GMY552A1,,STATIC,"{""az"":""Ehtiyyat hissələri"",""en"":""Spare parts"",""ru"":""Запчасти""}"
01KHPX62K67Y2G1H,2024-07-11 12:51:11.889921+00,01KHPX62GM8C5GVH,,STATIC,"{""az"":""Yeni"",""en"":""New"",""ru"":""Новый""}"
01KHPX62K686QD04,2024-07-11 12:51:11.889921+00,01KHPX62GM0PAYRF,,STATIC,"{""az"":""Ehtiyyat hissələri növləri"",""en"":""Types of spare parts"",""ru"":""Виды запчастей""}"
01KHPX62K687WPMB,2024-07-11 12:51:11.889921+00,01KHPX62GMGFGCDB,,STATIC,"{""az"":""Satılır / Kirayə verilir"",""en"":""For Sale / For Rent"",""ru"":""Продажа/Аренда""}"
01KHPX62K687Z7QN,2024-07-11 12:51:11.889921+00,01KHPX62GMYKN4T7,,STATIC,"{""az"":""Digər"",""en"":""Other"",""ru"":""Другой""}"
01KHPX62K68HRTDY,2024-07-11 12:51:11.889921+00,01KHPX62GK5JMAVR,,STATIC,"{""az"":""İş növü Müxtəlif"",""en"":""Type Type Miscellaneous"",""ru"":""Вид работы Разное""}"
01KHPX62K6942EG9,2024-07-11 12:51:11.889921+00,01KHPX62GKGX3BSS,,STATIC,"{""az"":""Qəzalı təmir olunmalıdır"",""en"":""The accident must be repaired"",""ru"":""Аварию необходимо устранить""}"
01KHPX62K69PCWV6,2024-07-11 12:51:11.889921+00,01KHPX62GMYKN4T7,,STATIC,"{""az"":""Pişik üçün korm növləri"",""en"":""Corm types for cats"",""ru"":""Виды клубнелуковиц для кошек""}"
01KHPX62K69Q4XKS,2024-07-11 12:51:11.889921+00,01KHPX62GM00D7YY,,STATIC,"{""az"":""Stolüstü Pc növü"",""en"":""Desktop PC type"",""ru"":""Тип настольного ПК""}"
01KHPX62K69QVSSJ,2024-07-11 12:51:11.889921+00,01KHPX62GMDBVRHR,,STATIC,"{""az"":""İtə qulluq vasitələri"",""en"":""Dog care products"",""ru"":""Средства по уходу за собаками""}"
01KHPX62K6A30ARM,2024-07-11 12:51:11.889921+00,01KHPX62GK5JMAVR,,STATIC,"{""az"":""İş növü Digər"",""en"":""Type of work Other"",""ru"":""Вид работы Другое""}"
01KHPX62K6A6WN58,2024-07-11 12:51:11.889921+00,01KHPX62GM00D7YY,,STATIC,"{""az"":""Kulerlər növü"",""en"":""Type of coolers"",""ru"":""Тип охладителей""}"
01KHPX62K6AEEFPA,2024-07-11 12:51:11.889921+00,01KHPX62GMW3MYRZ,,STATIC,"{""az"":""Satılır / Kirayə verilir"",""en"":""For Sale / For Rent"",""ru"":""Продажа/Аренда""}"
01KHPX62K6AEJZMN,2024-07-11 12:51:11.889921+00,01KHPX62GK5JMAVR,,STATIC,"{""az"":""İş növü Satış təmsilçisi"",""en"":""Type Type Sales Representative"",""ru"":""Вид вакансии Торговый представитель""}"
01KHPX62K6AS24J2,2024-07-11 12:51:11.889921+00,01KHPX62GMYKN4T7,,STATIC,"{""az"":""Pişiklər üçün aksesuarlar"",""en"":""Accessories for cats"",""ru"":""Аксессуары для кошек""}"
01KHPX62K6BAC2VP,2024-07-11 12:51:11.889921+00,01KHPX62GME4NNDZ,,STATIC,"{""az"":""Otaq sayı"",""en"":""Number of rooms"",""ru"":""Количество комнат""}"
01KHPX62K6BJTTHG,2024-07-11 12:51:11.889921+00,01KHPX62GM0PAYRF,,STATIC,"{""az"":""Yeni"",""en"":""New"",""ru"":""Новый""}"
01KHPX62K6C03MD4,2024-07-11 12:51:11.889921+00,01KHPX62GMPNE77G,,STATIC,"{""az"":""Akvarium və cihazları"",""en"":""Aquarium and devices"",""ru"":""Аквариум и устройства""}"
01KHPX62K6C0AJ99,2024-07-11 12:51:11.889921+00,01KHPX62GK5JMAVR,,DYNAMIC,"{""az"":""Yaş"",""en"":""Age"",""ru"":""Возраст""}"
01KHPX62K6C0B9ED,2024-07-11 12:51:11.889921+00,01KHPX62GMAWAHV6,,DYNAMIC,"{""az"":""Mərtəbə sayı"",""en"":""Number of floors"",""ru"":""Количество этажей""}"
01KHPX62K6C5DKV2,2024-07-11 12:51:11.889921+00,01KHPX62GK5JMAVR,,STATIC,"{""az"":""İş növü İnformasiya texnologiyaları"",""en"":""Type of work Information technologies"",""ru"":""Вид работы Информационные технологии""}"
01KHPX62K6CE0V96,2024-07-11 12:51:11.889921+00,01KHPX62GK5JMAVR,,STATIC,"{""az"":""İş növü Marketinq"",""en"":""Type Type Marketing"",""ru"":""Вид работы Маркетинг""}"
01KHPX62K6CGG9QZ,2024-07-11 12:51:11.889921+00,01KHPX62GMAP159F,,STATIC,"{""az"":""Digər"",""en"":""Other"",""ru"":""Другой""}"
01KHPX62K6CKQK4C,2024-07-11 12:51:11.889921+00,01KHPX62GM00D7YY,,STATIC,"{""az"":""Noutbuk və netbuk növləri"",""en"":""Types of notebooks and netbooks"",""ru"":""Виды ноутбуков и нетбуков""}"
01KHPX62K6CNWGND,2024-07-11 12:51:11.889921+00,01KHPX62GM00D7YY,,STATIC,"{""az"":""Şəbəkə və Server avadanlıq növü"",""en"":""Network and Server hardware type"",""ru"":""Тип сетевого и серверного оборудования""}"
01KHPX62K6CWET6N,2024-07-11 12:51:11.889921+00,01KHPX62GME4NNDZ,,DYNAMIC,"{""az"":""Mərtəbə sayı"",""en"":""Number of floors"",""ru"":""Количество этажей""}"
01KHPX62K6CXDVM5,2024-07-11 12:51:11.889921+00,01KHPX62GK5JMAVR,,STATIC,"{""az"":""İş növü Tibb və əczaçılıq"",""en"":""Type of work Medicine and pharmacy"",""ru"":""Вид работы Медицина и фармация""}"
01KHPX62K6D88F6N,2024-07-11 12:51:11.889921+00,01KHPX62GM0PAYRF,,STATIC,"{""az"":""Çatdırılma var"",""en"":""Delivery available"",""ru"":""Возможна доставка""}"
01KHPX62K6D8B07T,2024-07-11 12:51:11.889921+00,01KHPX62GMYKN4T7,,STATIC,"{""az"":""Pişiyin cinsi"",""en"":""The breed of the cat"",""ru"":""Порода кошки""}"
01KHPX62K6DHSR2R,2024-07-11 12:51:11.889921+00,01KHPX62GMJAPQGC,,STATIC,"{""az"":""Satılır / Kirayə verilir"",""en"":""For Sale / For Rent"",""ru"":""Продажа/Аренда""}"
01KHPX62K6DR8SES,2024-07-11 12:51:11.889921+00,01KHPX62GMAWAHV6,,DYNAMIC,"{""az"":""Torpaq sahəsi"",""en"":""Plot of land"",""ru"":""Земельный участок""}"
01KHPX62K6DS7TDF,2024-07-11 12:51:11.889921+00,01KHPX62GMY552A1,,STATIC,"{""az"":""Ram həcmi"",""en"":""Ram volume"",""ru"":""Объем оперативной памяти""}"
01KHPX62K6DSFSNE,2024-07-11 12:51:11.889921+00,01KHPX62GMJAPQGC,,STATIC,"{""az"":""Otaq sayı"",""en"":""Number of rooms"",""ru"":""Количество комнат""}"
01KHPX62K6E4ZJ1T,2024-07-11 12:51:11.889921+00,01KHPX62GMV71A2R,,STATIC,"{""az"":""Növü"",""en"":""The type"",""ru"":""Тип""}"
01KHPX62K6E51SF1,2024-07-11 12:51:11.889921+00,01KHPX62GMPNE77G,,STATIC,"{""az"":""Digər"",""en"":""Other"",""ru"":""Другой""}"
01KHPX62K6EGSVH5,2024-07-11 12:51:11.889921+00,01KHPX62GME4NNDZ,,STATIC,"{""az"":""Tikilinin vəziyyəti"",""en"":""The condition of the building"",""ru"":""Состояние здания""}"
01KHPX62K6EGZ0D8,2024-07-11 12:51:11.889921+00,01KHPX62GMY552A1,,STATIC,"{""az"":""Rom həcmi"",""en"":""Rom volume"",""ru"":""Объем ПЗУ""}"
01KHPX62K6EHW8NE,2024-07-11 12:51:11.889921+00,01KHPX62GMW3MYRZ,,DYNAMIC,"{""az"":""Sahəsi"",""en"":""Area"",""ru"":""Область""}"
01KHPX62K6EJQX2F,2024-07-11 12:51:11.889921+00,01KHPX62GMAWAHV6,,STATIC,"{""az"":""Kupça çıxarış"",""en"":""Kupcha extract"",""ru"":""Экстракт Купчи""}"
01KHPX62K6EN5KCB,2024-07-11 12:51:11.889921+00,01KHPX62GK5JMAVR,,STATIC,"{""az"":""İş növü Xidmət sahələri"",""en"":""Type of work Service areas"",""ru"":""Вид работы Зоны обслуживания""}"
01KHPX62K6FCWTR1,2024-07-11 12:51:11.889921+00,01KHPX62GK5JMAVR,,STATIC,"{""az"":""İş növü Hüquqşünaslıq"",""en"":""Type of work Legal studies"",""ru"":""Вид работы Юридические исследования""}"
01KHPX62K6FM1HCB,2024-07-11 12:51:11.889921+00,01KHPX62GMN4BH9M,,STATIC,"{""az"":""Satılır / Kirayə verilir"",""en"":""For Sale / For Rent"",""ru"":""Продажа/Аренда""}"
01KHPX62K6FPHYZ0,2024-07-11 12:51:11.889921+00,01KHPX62GMDBVRHR,,STATIC,"{""az"":""İtlər üçün aksesuarlar"",""en"":""Accessories for dogs"",""ru"":""Аксессуары для собак""}"
01KHPX62K6FPVCWA,2024-07-11 12:51:11.889921+00,01KHPX62GMN4BH9M,,STATIC,"{""az"":""Otaq sayı"",""en"":""Number of rooms"",""ru"":""Количество комнат""}"
01KHPX62K6GJG37K,2024-07-11 12:51:11.889921+00,01KHPX62GM00D7YY,,STATIC,"{""az"":""Kompüter aksesuar növləri"",""en"":""Types of computer accessories"",""ru"":""Виды компьютерных аксессуаров""}"
01KHPX62K6GJW7HY,2024-07-11 12:51:11.889921+00,01KHPX62GMY552A1,,STATIC,"{""az"":""Telefon markaları"",""en"":""Phone brands"",""ru"":""Бренды телефонов""}"
01KHPX62K6GM33Q6,2024-07-11 12:51:11.889921+00,01KHPX62GME4NNDZ,,STATIC,"{""az"":""Satılır / Kirayə verilir"",""en"":""For Sale / For Rent"",""ru"":""Продажа/Аренда""}"
01KHPX62K6H8VSXW,2024-07-11 12:51:11.889921+00,01KHPX62GMW3MYRZ,,STATIC,"{""az"":""Kupça çıxarış"",""en"":""Kupcha extract"",""ru"":""Экстракт Купчи""}"
01KHPX62K6HAN54K,2024-07-11 12:51:11.889921+00,01KHPX62GK5JMAVR,,STATIC,"{""az"":""İş növü Təhsil və elm"",""en"":""Type of work Education and science"",""ru"":""Вид работы Образование и наука""}"
01KHPX62K6HCXE58,2024-07-11 12:51:11.889921+00,01KHPX62GM2BZPWP,,STATIC,"{""az"":""Satılır / Kirayə verilir"",""en"":""For Sale / For Rent"",""ru"":""Продажа/Аренда""}"
01KHPX62K6HYZGAF,2024-07-11 12:51:11.889921+00,01KHPX62GM00D7YY,,STATIC,"{""az"":""Operativ yaddaş (RAM) modeli"",""en"":""RAM model"",""ru"":""Модель оперативной памяти""}"
01KHPX62K6JCW8JQ,2024-07-11 12:51:11.889921+00,01KHPX62GKSSWG9R,,STATIC,"{""az"":""Təmir vəziyyəti"",""en"":""Repair condition"",""ru"":""Состояние ремонта""}"
01KHPX62K6JH55DT,2024-07-11 12:51:11.889921+00,01KHPX62GMJAPQGC,,STATIC,"{""az"":""Təmir vəziyyəti"",""en"":""Repair condition"",""ru"":""Состояние ремонта""}"
01KHPX62K6JMPTF1,2024-07-11 12:51:11.889921+00,01KHPX62GM00D7YY,,STATIC,"{""az"":""CD, DVD və Blu-ray növü"",""en"":""CD, DVD and Blu-ray type"",""ru"":""Тип CD, DVD и Blu-ray""}"
01KHPX62K6K81079,2024-07-11 12:51:11.889921+00,01KHPX62GM00D7YY,,STATIC,"{""az"":""Operativ yaddaş (RAM) növü"",""en"":""Type of RAM (RAM)."",""ru"":""Тип оперативной памяти (ОЗУ).""}"
01KHPX62K6KMQFMV,2024-07-11 12:51:11.889921+00,01KHPX62GMN4BH9M,,DYNAMIC,"{""az"":""Torpaq sahəsi sot"",""en"":""Land area sot"",""ru"":""Земельный участок соток""}"
01KHPX62K6MPR1B6,2024-07-11 12:51:11.889921+00,01KHPX62GM00D7YY,,STATIC,"{""az"":""Batareya növü"",""en"":""Battery type"",""ru"":""Тип батареи""}"
01KHPX62K6N578H0,2024-07-11 12:51:11.889921+00,01KHPX62GMPNE77G,,STATIC,"{""az"":""Balıq yemləri"",""en"":""Fish feed"",""ru"":""Корм для рыб""}"
01KHPX62K6NM7N8T,2024-07-11 12:51:11.889921+00,01KHPX62GMJTMVX7,,STATIC,"{""az"":""Təhlükəsizlik cihaz növləri"",""en"":""Types of security devices"",""ru"":""Типы охранных устройств""}"
01KHPX62K6NQXWEA,2024-07-11 12:51:11.889921+00,01KHPX62GM00D7YY,,STATIC,"{""az"":""Video kart markaları"",""en"":""Video card brands"",""ru"":""Марки видеокарт""}"
01KHPX62K6NTTBVE,2024-07-11 12:51:11.889921+00,01KHPX62GK5JMAVR,,STATIC,"{""az"":""İş Qrafiki"",""en"":""Work graphic"",""ru"":""График работы""}"
01KHPX62K6PSGWMK,2024-07-11 12:51:11.889921+00,01KHPX62GMDBVRHR,,STATIC,"{""az"":""İtlər üçün korm növləri"",""en"":""Types of corm for dogs"",""ru"":""Виды кормов для собак""}"
01KHPX62K6PSNNSE,2024-07-11 12:51:11.889921+00,01KHPX62GKSSWG9R,,STATIC,"{""az"":""Kupça çıxarış"",""en"":""Kupcha extract"",""ru"":""Экстракт Купчи""}"
01KHPX62K6QC26YR,2024-07-11 12:51:11.889921+00,01KHPX62GK5JMAVR,,STATIC,"{""az"":""İş növü Memarlıq və İnşaat"",""en"":""Type of work Architecture and Construction"",""ru"":""Вид работ Архитектура и строительство""}"
01KHPX62K6QP3M8J,2024-07-11 12:51:11.889921+00,01KHPX62GK5JMAVR,,STATIC,"{""az"":""İş Təcrübəsi"",""en"":""Work experience"",""ru"":""Опыт работы""}"
01KHPX62K6QRWKCJ,2024-07-11 12:51:11.889921+00,01KHPX62GKFWNBDC,,STATIC,"{""az"":""Ustaların xidmət sahələri"",""en"":""Service areas of masters"",""ru"":""Зоны обслуживания мастеров""}"
01KHPX62K6QTZP1G,2024-07-11 12:51:11.889921+00,01KHPX62GME4NNDZ,,DYNAMIC,"{""az"":""Sahəsi"",""en"":""Area"",""ru"":""Область""}"
01KHPX62K6RE7Z7S,2024-07-11 12:51:11.889921+00,01KHPX62GMN4BH9M,,DYNAMIC,"{""az"":""Sahəsi"",""en"":""Area"",""ru"":""Область""}"
01KHPX62K6RJ1AVV,2024-07-11 12:51:11.889921+00,01KHPX62GM00D7YY,,STATIC,"{""az"":""Yeni"",""en"":""New"",""ru"":""Новый""}"
01KHPX62K6RJFMB1,2024-07-11 12:51:11.889921+00,01KHPX62GMAWAHV6,,DYNAMIC,"{""az"":""Sahəsi"",""en"":""Area"",""ru"":""Область""}"
01KHPX62K6RKYCS0,2024-07-11 12:51:11.889921+00,01KHPX62GM00D7YY,,STATIC,"{""az"":""Qida blokları növü"",""en"":""Power supply The type"",""ru"":""блок питания Типи""}"
01KHPX62K6RQWB7H,2024-07-11 12:51:11.889921+00,01KHPX62GMGFGCDB,,STATIC,"{""az"":""Kupça çıxarış"",""en"":""Kupcha extract"",""ru"":""Экстракт Купчи""}"
01KHPX62K6RR3XF8,2024-07-11 12:51:11.889921+00,01KHPX62GMN4BH9M,,STATIC,"{""az"":""Kupça çıxarış"",""en"":""Kupcha extract"",""ru"":""Экстракт Купчи""}"
01KHPX62K6RRXK4Y,2024-07-11 12:51:11.889921+00,01KHPX62GM2BZPWP,,DYNAMIC,"{""az"":""Torpaq sahəsi"",""en"":""Plot of land"",""ru"":""Земельный участок""}"
01KHPX62K6S5C4R2,2024-07-11 12:51:11.889921+00,01KHPX62GMQ4QKRS,,STATIC,"{""az"":""Yeni"",""en"":""New"",""ru"":""Новый""}"
01KHPX62K6S7HSMB,2024-07-11 12:51:11.889921+00,01KHPX62GM2BZPWP,,STATIC,"{""az"":""Kupça çıxarış"",""en"":""Kupcha extract"",""ru"":""Экстракт Купчи""}"
01KHPX62K6SGM1NS,2024-07-11 12:51:11.889921+00,01KHPX62GME4NNDZ,,STATIC,"{""az"":""Təmir vəziyyəti"",""en"":""Repair condition"",""ru"":""Состояние ремонта""}"
01KHPX62K6T1422J,2024-07-11 12:51:11.889921+00,01KHPX62GMAP159F,,STATIC,"{""az"":""Quş növü"",""en"":""Bird type"",""ru"":""Тип птицы""}"
01KHPX62K6T1JGGE,2024-07-11 12:51:11.889921+00,01KHPX62GK5JMAVR,,STATIC,"{""az"":""İş növü Dizayn "",""en"":""Type of work Design"",""ru"":""Вид работы Проектирование""}"
01KHPX62K6TCSHYR,2024-07-11 12:51:11.889921+00,01KHPX62GM00D7YY,,STATIC,"{""az"":""Prosessorlar"",""en"":""Processors"",""ru"":""Процессоры""}"
01KHPX62K6TEBSF4,2024-07-11 12:51:11.889921+00,01KHPX62GM00D7YY,,STATIC,"{""az"":""Ssd və Hdd həcmi"",""en"":""Ssd and Hdd volume"",""ru"":""Объем SSD и HDD""}"
01KHPX62K6TKFC16,2024-07-11 12:51:11.889921+00,01KHPX62GMY552A1,,STATIC,"{""az"":""Çatdırılma var"",""en"":""Delivery available"",""ru"":""Возможна доставка""}"
01KHPX62K6TP1W8F,2024-07-11 12:51:11.889921+00,01KHPX62GMJTMVX7,,STATIC,"{""az"":""Çatdırılma var"",""en"":""Delivery available"",""ru"":""Возможна доставка""}"
01KHPX62K6TPP2T8,2024-07-11 12:51:11.889921+00,01KHPX62GKSSWG9R,,STATIC,"{""az"":""Satılır / Kirayə verilir"",""en"":""For Sale / For Rent"",""ru"":""Продажа/Аренда""}"
01KHPX62K6TV9J39,2024-07-11 12:51:11.889921+00,01KHPX62GJDWS0F9,,STATIC,"{""az"":""Nəqliyyat növü"",""en"":""Type of transport"",""ru"":""Вид транспорта""}"
01KHPX62K6TWXFAM,2024-07-11 12:51:11.889921+00,01KHPX62GMYKN4T7,,STATIC,"{""az"":""Pişiklər üçün yem və su qabları"",""en"":""Food and water bowls for cats"",""ru"":""Миски для еды и воды для кошек""}"
01KHPX62K6V4NP6V,2024-07-11 12:51:11.889921+00,01KHPX62GMDBVRHR,,STATIC,"{""az"":""Digər"",""en"":""Other"",""ru"":""Другой""}"
01KHPX62K6VQPKAG,2024-07-11 12:51:11.889921+00,01KHPX62GMDBVRHR,,STATIC,"{""az"":""İtlər üçün yem və su qabları"",""en"":""Food and water bowls for dogs"",""ru"":""Миски для еды и воды для собак""}"
01KHPX62K6VTGAWM,2024-07-11 12:51:11.889921+00,01KHPX62GMPNE77G,,STATIC,"{""az"":""Akvarium dekorları"",""en"":""Aquarium decorations"",""ru"":""Аквариумные украшения""}"
01KHPX62K6W6K10C,2024-07-11 12:51:11.889921+00,01KHPX62GK5JMAVR,,STATIC,"{""az"":""Təhsil səviyyəsi"",""en"":""Education level"",""ru"":""Уровень образования""}"
01KHPX62K6WVTP1B,2024-07-11 12:51:11.889921+00,01KHPX62GMAWAHV6,,STATIC,"{""az"":""Otaq sayı"",""en"":""Number of rooms"",""ru"":""Количество комнат""}"
01KHPX62K6WW4HCY,2024-07-11 12:51:11.889921+00,01KHPX62GK5JMAVR,,STATIC,"{""az"":""İşçi axtarılır"",""en"":""Looking for an employee"",""ru"":""Ищу сотрудника""}"
01KHPX62K6X8ZCK8,2024-07-11 12:51:11.889921+00,01KHPX62GMJAPQGC,,STATIC,"{""az"":""Kupça çıxarış"",""en"":""Kupcha extract"",""ru"":""Экстракт Купчи""}"
01KHPX62K6XB7DG6,2024-07-11 12:51:11.889921+00,01KHPX62GK5JMAVR,,STATIC,"{""az"":""İş axtarıram"",""en"":""I am looking for a job"",""ru"":""Я ищу работу""}"
01KHPX62K6XJWM8M,2024-07-11 12:51:11.889921+00,01KHPX62GM00D7YY,,STATIC,"{""az"":""Ssd və Hdd növləri"",""en"":""Ssd and Hdd types"",""ru"":""Типы SSD и HDD""}"
01KHPX62K6YE0B0D,2024-07-11 12:51:11.889921+00,01KHPX62GM8C5GVH,,STATIC,"{""az"":""Məişət Elektronika növləri"",""en"":""Types of household electronics"",""ru"":""Виды бытовой электроники""}"
01KHPX62K6YH51M1,2024-07-11 12:51:11.889921+00,01KHPX62GMCQ7S8C,,STATIC,"{""az"":""İcarə növü"",""en"":""Lease type"",""ru"":""Тип аренды""}"
01KHPX62K6YP7YT7,2024-07-11 12:51:11.889921+00,01KHPX62GMJAPQGC,,DYNAMIC,"{""az"":""Sahəsi"",""en"":""Area"",""ru"":""Область""}"
01KHPX62K6YQR4KJ,2024-07-11 12:51:11.889921+00,01KHPX62GM0PAYRF,,STATIC,"{""az"":""Aksesuar növləri"",""en"":""Types of accessories"",""ru"":""Виды аксессуаров""}"
01KHPX62K6YXCSEW,2024-07-11 12:51:11.889921+00,01KHPX62GK5JMAVR,,STATIC,"{""az"":""İş növü İstehsal və servis"",""en"":""Type of work Production and service"",""ru"":""Вид работы Производство и сервис""}"
01KHPX62K6YXTHHK,2024-07-11 12:51:11.889921+00,01KHPX62GMJAPQGC,,STATIC,"{""az"":""Tikilinin vəziyyəti"",""en"":""The condition of the building"",""ru"":""Состояние здания""}"
01KHPX62K6Z654RB,2024-07-11 12:51:11.889921+00,01KHPX62GK5JMAVR,,STATIC,"{""az"":""İş növü Administrasiya və idarəetmə"",""en"":""Type of work Administration and management"",""ru"":""Вид работы Администрирование и управление""}"
01KHPX62K6Z8CRG5,2024-07-11 12:51:11.889921+00,01KHPX62GMAWAHV6,,STATIC,"{""az"":""Tikilinin vəziyyəti"",""en"":""The condition of the building"",""ru"":""Состояние здания""}"
01KHPX62K6ZDZYWF,2024-07-11 12:51:11.889921+00,01KHPX62GMAWAHV6,,STATIC,"{""az"":""Təmir vəziyyəti"",""en"":""Repair condition"",""ru"":""Состояние ремонта""}"
01KHPX62K6ZRRQ0A,2024-07-11 12:51:11.889921+00,01KHPX62GM00D7YY,,STATIC,"{""az"":""Çatdırılma var"",""en"":""Delivery available"",""ru"":""Возможна доставка""}"
01KHPX62K6ZTAVJ0,2024-07-11 12:51:11.889921+00,01KHPX62GMYKN4T7,,STATIC,"{""az"":""Pişiyə qulluq vasitələri"",""en"":""Cat care products"",""ru"":""Средства по уходу за кошками""}"
01KHPX62K70AWPRN,2024-07-11 12:51:11.889921+00,01KHPX62GM65R2PM,,DYNAMIC,"{""az"":""Sahəsi"",""en"":""Area"",""ru"":""Область""}"
01KHPX62K70SPPNH,2024-07-11 12:51:11.889921+00,01KHPX62GM6DPNDV,,STATIC,"{""az"":""Vasitə növü"",""en"":""Vehicle type"",""ru"":""Тип машины""}"
01KHPX62K70TJT37,2024-07-11 12:51:11.889921+00,01KHPX62GMEFHSFC,,STATIC,"{""az"":""Saat növü"",""en"":""Clock type"",""ru"":""Тип часов""}"
01KHPX62K71E36ZZ,2024-07-11 12:51:11.889921+00,01KHPX62GKGWA5K7,,DYNAMIC,"{""az"":""Kolleksiya neçənci ilə aiddir"",""en"":""What year does the collection belong to?"",""ru"":""Какому году принадлежит коллекция?""}"
01KHPX62K71TAQA1,2024-07-11 12:51:11.889921+00,01KHPX62GM65R2PM,,STATIC,"{""az"":""Kupça çıxarış"",""en"":""Kupcha extract"",""ru"":""Экстракт Купчи""}"
01KHPX62K720JDHG,2024-07-11 12:51:11.889921+00,01KHPX62GMNFJXQQ,,STATIC,"{""az"":""Mexanizm növü"",""en"":""Mechanism type"",""ru"":""Тип механизма""}"
01KHPX62K725TS46,2024-07-11 12:51:11.889921+00,01KHPX62GKQ42KHP,,STATIC,"{""az"":""Geyim öçüləri"",""en"":""Clothes hangers"",""ru"":""Вешалки для одежды""}"
01KHPX62K72GK8TE,2024-07-11 12:51:11.889921+00,01KHPX62GM1M3YGG,,STATIC,"{""az"":""Mexanizm növü"",""en"":""Mechanism type"",""ru"":""Тип механизма""}"
01KHPX62K72NNB91,2024-07-11 12:51:11.889921+00,01KHPX62GNRZFNFP,,STATIC,"{""az"":""Qida qabları növü"",""en"":""Type of food containers"",""ru"":""Тип пищевых контейнеров""}"
01KHPX62K72WKV5R,2024-07-11 12:51:11.889921+00,01KHPX62GK2NR14R,,STATIC,"{""az"":""Korpusun materialı"",""en"":""Case material"",""ru"":""Материал корпуса""}"
01KHPX62K72Z6FZY,2024-07-11 12:51:11.889921+00,01KHPX62GM9X3RP5,,STATIC,"{""az"":""Yerləşmə yeri"",""en"":""Location"",""ru"":""Расположение""}"
01KHPX62K736X0R1,2024-07-11 12:51:11.889921+00,01KHPX62GK0VJ7C9,,STATIC,"{""az"":""Mebel novləri"",""en"":""Furniture troughs"",""ru"":""Мебельные корыта""}"
01KHPX62K7392XGG,2024-07-11 12:51:11.889921+00,01KHPX62GK89CT0T,,STATIC,"{""az"":""Çatdırılma var"",""en"":""Delivery available"",""ru"":""Возможна доставка""}"
01KHPX62K74HF2DQ,2024-07-11 12:51:11.889921+00,01KHPX62GMEFHSFC,,STATIC,"{""az"":""Korpusun materialı"",""en"":""Case material"",""ru"":""Материал корпуса""}"
01KHPX62K74R69HH,2024-07-11 12:51:11.889921+00,01KHPX62GKEX118R,,STATIC,"{""az"":""Ölçüləri (cm)"",""en"":""Dimensions (cm)"",""ru"":""Размеры (см)""}"
01KHPX62K7540K57,2024-07-11 12:51:11.889921+00,01KHPX62GM1M3YGG,,STATIC,"{""az"":""Siferblat növü növü"",""en"":""Dial type type"",""ru"":""Тип набора номера""}"
01KHPX62K754CHD6,2024-07-11 12:51:11.889921+00,01KHPX62GMJ5D03J,,STATIC,"{""az"":""Saat növü"",""en"":""Clock type"",""ru"":""Тип часов""}"
01KHPX62K75G78DV,2024-07-11 12:51:11.889921+00,01KHPX62GN39WJP9,,STATIC,"{""az"":""Geyim növü"",""en"":""Type of clothing"",""ru"":""Тип одежды""}"
01KHPX62K75JY2QV,2024-07-11 12:51:11.889921+00,01KHPX62GK2NR14R,,STATIC,"{""az"":""Saat növü"",""en"":""Clock type"",""ru"":""Тип часов""}"
01KHPX62K75NRREM,2024-07-11 12:51:11.889921+00,01KHPX62GKR7B1QW,,STATIC,"{""az"":""Çatdırılma var"",""en"":""Delivery available"",""ru"":""Возможна доставка""}"
01KHPX62K760PKWF,2024-07-11 12:51:11.889921+00,01KHPX62GMEFHSFC,,STATIC,"{""az"":""Suya və toza davamlılıq var"",""en"":""There is resistance to water and dust"",""ru"":""Есть устойчивость к воде и пыли""}"
01KHPX62K7626P4R,2024-07-11 12:51:11.889921+00,01KHPX62GMEFHSFC,,STATIC,"{""az"":""Mexanizm növü"",""en"":""Mechanism type"",""ru"":""Тип механизма""}"
01KHPX62K764T33V,2024-07-11 12:51:11.889921+00,01KHPX62GK10F4BM,,DYNAMIC,"{""az"":""Bijuteriya barmaq, boyun, bilək ölçüləri"",""en"":""Bijouterie finger, neck, wrist sizes"",""ru"":""Бижутерия размеры пальцев, шеи, запястья""}"
01KHPX62K767WCBJ,2024-07-11 12:51:11.889921+00,01KHPX62GKY9RKW0,,STATIC,"{""az"":""Çanata növləri"",""en"":""Chanata types"",""ru"":""Типы Чамоданов""}"
01KHPX62K76847EN,2024-07-11 12:51:11.889921+00,01KHPX62GMB0WYZ4,,STATIC,"{""az"":""Yataq növü"",""en"":""Bed type"",""ru"":""Тип кровати""}"
01KHPX62K768C5CD,2024-07-11 12:51:11.889921+00,01KHPX62GM9YH297,,STATIC,"{""az"":""Otaq sayı"",""en"":""Number of rooms"",""ru"":""Количество комнат""}"
01KHPX62K773Z7YW,2024-07-11 12:51:11.889921+00,01KHPX62GM569JHZ,,STATIC,"{""az"":""Heyvan növü"",""en"":""Animal type"",""ru"":""Тип животного""}"
01KHPX62K77A7E6G,2024-07-11 12:51:11.889921+00,01KHPX62GK8YK090,,STATIC,"{""az"":""Çatdırılma var"",""en"":""Delivery available"",""ru"":""Возможна доставка""}"
01KHPX62K77JP1CW,2024-07-11 12:51:11.889921+00,01KHPX62GM9YH297,,STATIC,"{""az"":""Təmir vəziyyəti"",""en"":""Repair condition"",""ru"":""Состояние ремонта""}"
01KHPX62K77WJ8PT,2024-07-11 12:51:11.889921+00,01KHPX62GMF310S2,,STATIC,"{""az"":""Dizayn növü"",""en"":""Design type"",""ru"":""Тип конструкции""}"
01KHPX62K783WMGM,2024-07-11 12:51:11.889921+00,01KHPX62GMJ5D03J,,STATIC,"{""az"":""Siferblat növü növü"",""en"":""Dial type type"",""ru"":""Тип набора номера""}"
01KHPX62K78GXMZZ,2024-07-11 12:51:11.889921+00,01KHPX62GM65R2PM,,STATIC,"{""az"":""Otaq sayı"",""en"":""Number of rooms"",""ru"":""Количество комнат""}"
01KHPX62K78H7AQR,2024-07-11 12:51:11.889921+00,01KHPX62GM9YH297,,STATIC,"{""az"":""Tikilinin vəziyyəti"",""en"":""The condition of the building"",""ru"":""Состояние здания""}"
01KHPX62K78WXF97,2024-07-11 12:51:11.889921+00,01KHPX62GKNSE8JP,,STATIC,"{""az"":""Yeni"",""en"":""New"",""ru"":""Новый""}"
01KHPX62K78X9CQ8,2024-07-11 12:51:11.889921+00,01KHPX62GK10F4BM,,STATIC,"{""az"":""Yeni"",""en"":""New"",""ru"":""Новый""}"
01KHPX62K791TK10,2024-07-11 12:51:11.889921+00,01KHPX62GK25K098,,STATIC,"{""az"":""Xidmət növü"",""en"":""Service type"",""ru"":""Тип Обслуживания""}"
01KHPX62K796H98E,2024-07-11 12:51:11.889921+00,01KHPX62GN41R057,,STATIC,"{""az"":""Cihaz növləri"",""en"":""Device types"",""ru"":""Типы устройств""}"
01KHPX62K799JF9S,2024-07-11 12:51:11.889921+00,01KHPX62GN5CBMZ6,,STATIC,"{""az"":""Oturacaq növü"",""en"":""Seat type"",""ru"":""Тип сиденья""}"
01KHPX62K79DXQJC,2024-07-11 12:51:11.889921+00,01KHPX62GM65R2PM,,STATIC,"{""az"":""Tikilinin vəziyyəti"",""en"":""The condition of the building"",""ru"":""Состояние здания""}"
01KHPX62K79N2H0F,2024-07-11 12:51:11.889921+00,01KHPX62GKY9RKW0,,STATIC,"{""az"":""Baqaj çanta növü"",""en"":""Luggage bag type"",""ru"":""Тип сумки для багажа""}"
01KHPX62K79TNY0G,2024-07-11 12:51:11.889921+00,01KHPX62GMKMWP4Z,,STATIC,"{""az"":""Alət növü"",""en"":""Tool type"",""ru"":""Тип инструмента""}"
01KHPX62K79Z90KS,2024-07-11 12:51:11.889921+00,01KHPX62GK2NR14R,,STATIC,"{""az"":""Funksiyalar"",""en"":""Functions"",""ru"":""Функции""}"
01KHPX62K7ADFQMK,2024-07-11 12:51:11.889921+00,01KHPX62GM9YH297,,DYNAMIC,"{""az"":""Mərtəbə sayı"",""en"":""Number of floors"",""ru"":""Количество этажей""}"
01KHPX62K7AJANCN,2024-07-11 12:51:11.889921+00,01KHPX62GMWGR2S7,,STATIC,"{""az"":""Suya və toza davamlılıq var"",""en"":""There is resistance to water and dust"",""ru"":""Есть устойчивость к воде и пыли""}"
01KHPX62K7APFS7J,2024-07-11 12:51:11.889921+00,01KHPX62GMW0093Q,,STATIC,"{""az"":""Aksesuar növləri"",""en"":""Types of accessories"",""ru"":""Виды аксессуаров""}"
01KHPX62K7ASB0QR,2024-07-11 12:51:11.889921+00,01KHPX62GN57AQWS,,DYNAMIC,"{""az"":""Ayaqqabı öçüləri"",""en"":""Shoelaces"",""ru"":""Шнурки""}"
01KHPX62K7ATRCJJ,2024-07-11 12:51:11.889921+00,01KHPX62GMWMABNH,,DYNAMIC,"{""az"":""Sahəsi"",""en"":""Area"",""ru"":""Область""}"
01KHPX62K7AWG83J,2024-07-11 12:51:11.889921+00,01KHPX62GM9F779W,,STATIC,"{""az"":""Tur və sayahət müddəti"",""en"":""Tour and travel duration"",""ru"":""Тур и продолжительность поездки""}"
01KHPX62K7AX1W71,2024-07-11 12:51:11.889921+00,01KHPX62GN4H9MWE,,STATIC,"{""az"":""Geyim növü"",""en"":""Type of clothing"",""ru"":""Тип одежды""}"
01KHPX62K7BG6JTE,2024-07-11 12:51:11.889921+00,01KHPX62GM2CQ6B3,,STATIC,"{""az"":""Gel növləri"",""en"":""Gel types"",""ru"":""Типы гелей""}"
01KHPX62K7BGDJVW,2024-07-11 12:51:11.889921+00,01KHPX62GMDHCJ41,,STATIC,"{""az"":""Saç uzadıcı məhsullar"",""en"":""Hair extension products"",""ru"":""Продукты для наращивания волос""}"
01KHPX62K7C74VEQ,2024-07-11 12:51:11.889921+00,01KHPX62GK10F4BM,,STATIC,"{""az"":""Bijuteriya növü"",""en"":""A type of jewelry"",""ru"":""Тип ювелирного украшения""}"
01KHPX62K7CC761A,2024-07-11 12:51:11.889921+00,01KHPX62GM65R2PM,,STATIC,"{""az"":""Satılır / Kirayə verilir"",""en"":""For Sale / For Rent"",""ru"":""Продажа/Аренда""}"
01KHPX62K7CJ8165,2024-07-11 12:51:11.889921+00,01KHPX62GMCYPZK1,,STATIC,"{""az"":""Otaq bitkiləri"",""en"":""Indoor plants"",""ru"":""Комнатные растения""}"
01KHPX62K7CQWBWM,2024-07-11 12:51:11.889921+00,01KHPX62GMFSYAPZ,,STATIC,"{""az"":""Geyim növü"",""en"":""Type of clothing"",""ru"":""Тип одежды""}"
01KHPX62K7CYZ3M0,2024-07-11 12:51:11.889921+00,01KHPX62GMDETHR2,,STATIC,"{""az"":""Növü"",""en"":""The type"",""ru"":""Тип""}"
01KHPX62K7CZ90NC,2024-07-11 12:51:11.889921+00,01KHPX62GN5CBMZ6,,STATIC,"{""az"":""Yaş qrupu"",""en"":""Age group"",""ru"":""Возрастная группа""}"
01KHPX62K7CZAQRP,2024-07-11 12:51:11.889921+00,01KHPX62GK10F4BM,,STATIC,"{""az"":""Bijuteriya kim istifadə edə bilər"",""en"":""Who can use jewelry"",""ru"":""Кому можно использовать украшения""}"
01KHPX62K7D0K1H2,2024-07-11 12:51:11.889921+00,01KHPX62GKQ42KHP,,STATIC,"{""az"":""Çatdırılma var"",""en"":""Delivery available"",""ru"":""Возможна доставка""}"
01KHPX62K7D14NH7,2024-07-11 12:51:11.889921+00,01KHPX62GMVCN92B,,STATIC,"{""az"":""Kondisionerlər və digər iqlim texnikaları"",""en"":""Air conditioners and other climate equipment"",""ru"":""Кондиционеры и другое климатическое оборудование""}"
01KHPX62K7DDA33X,2024-07-11 12:51:11.889921+00,01KHPX62GMERFGT6,,STATIC,"{""az"":""Yem və su qabları növü"",""en"":""Type of feed and water bowls"",""ru"":""Тип кормушки и поилки""}"
01KHPX62K7DNSDJB,2024-07-11 12:51:11.889921+00,01KHPX62GMVCN92B,,STATIC,"{""az"":""İri məişət texnika növü"",""en"":""Type of large household appliances"",""ru"":""Тип крупной бытовой техники""}"
01KHPX62K7DYDWCM,2024-07-11 12:51:11.889921+00,01KHPX62GMWMABNH,,STATIC,"{""az"":""Təmir vəziyyəti"",""en"":""Repair condition"",""ru"":""Состояние ремонта""}"
01KHPX62K7E4XGX4,2024-07-11 12:51:11.889921+00,01KHPX62GK89CT0T,,STATIC,"{""az"":""Kim üçün"",""en"":""For whom"",""ru"":""Для кого""}"
01KHPX62K7E6QV64,2024-07-11 12:51:11.889921+00,01KHPX62GM1M3YGG,,STATIC,"{""az"":""Korpusun materialı"",""en"":""Case material"",""ru"":""Материал корпуса""}"
01KHPX62K7ECMXNC,2024-07-11 12:51:11.889921+00,01KHPX62GMGEN90Q,,STATIC,"{""az"":""Mexanizm növü"",""en"":""Mechanism type"",""ru"":""Тип механизма""}"
01KHPX62K7ED45AF,2024-07-11 12:51:11.889921+00,01KHPX62GM5JVX8K,,STATIC,"{""az"":""Aparat növü"",""en"":""Device type"",""ru"":""Тип устройства""}"
01KHPX62K7EEA2WT,2024-07-11 12:51:11.889921+00,01KHPX62GM9YH297,,DYNAMIC,"{""az"":""Torpaq sahəsi"",""en"":""Plot of land"",""ru"":""Земельный участок""}"
01KHPX62K7ERYJBM,2024-07-11 12:51:11.889921+00,01KHPX62GKY9RKW0,,STATIC,"{""az"":""Yeni"",""en"":""New"",""ru"":""Новый""}"
01KHPX62K7EY6686,2024-07-11 12:51:11.889921+00,01KHPX62GM9YH297,,STATIC,"{""az"":""Əmlak növü"",""en"":""Property type"",""ru"":""Тип недвижимости""}"
01KHPX62K7F50KB3,2024-07-11 12:51:11.889921+00,01KHPX62GMVCN92B,,STATIC,"{""az"":""Quraşdırılan texnika növü"",""en"":""Type of equipment installed"",""ru"":""Тип установленного оборудования""}"
01KHPX62K7FB8MPB,2024-07-11 12:51:11.889921+00,01KHPX62GM9YH297,,STATIC,"{""az"":""Satılır / Kirayə verilir"",""en"":""For Sale / For Rent"",""ru"":""Продажа/Аренда""}"
01KHPX62K7FDN1P5,2024-07-11 12:51:11.889921+00,01KHPX62GK2NR14R,,STATIC,"{""az"":""Suya və toza davamlılıq var"",""en"":""There is resistance to water and dust"",""ru"":""Есть устойчивость к воде и пыли""}"
01KHPX62K7FK622Y,2024-07-11 12:51:11.889921+00,01KHPX62GMJ5D03J,,STATIC,"{""az"":""Rəngi"",""en"":""Color"",""ru"":""Цвет""}"
01KHPX62K7FKXRZ1,2024-07-11 12:51:11.889921+00,01KHPX62GNH85QE5,,STATIC,"{""az"":""Vasitə növü"",""en"":""Vehicle type"",""ru"":""Тип машины""}"
01KHPX62K7FTJY4W,2024-07-11 12:51:11.889921+00,01KHPX62GMGEN90Q,,STATIC,"{""az"":""Rəngi"",""en"":""Color"",""ru"":""Цвет""}"
01KHPX62K7FX58WM,2024-07-11 12:51:11.889921+00,01KHPX62GKY9RKW0,,STATIC,"{""az"":""Çatdırılma var"",""en"":""Delivery available"",""ru"":""Возможна доставка""}"
01KHPX62K7FYG3VZ,2024-07-11 12:51:11.889921+00,01KHPX62GM65R2PM,,DYNAMIC,"{""az"":""Mərtəbə sayı"",""en"":""Number of floors"",""ru"":""Количество этажей""}"
01KHPX62K7G2WWXC,2024-07-11 12:51:11.889921+00,01KHPX62GK2NR14R,,STATIC,"{""az"":""Mexanizm növü"",""en"":""Mechanism type"",""ru"":""Тип механизма""}"
01KHPX62K7G529V2,2024-07-11 12:51:11.889921+00,01KHPX62GK2NR14R,,STATIC,"{""az"":""Siferblat növü növü"",""en"":""Dial type type"",""ru"":""Тип набора номера""}"
01KHPX62K7G6RR3Q,2024-07-11 12:51:11.889921+00,01KHPX62GNY4105B,,STATIC,"{""az"":""Mebel novləri"",""en"":""Furniture troughs"",""ru"":""Мебельные корыта""}"
01KHPX62K7GKP3WN,2024-07-11 12:51:11.889921+00,01KHPX62GKNGXP6J,,STATIC,"{""az"":""İş saatı"",""en"":""Working hours"",""ru"":""Рабочее время""}"
01KHPX62K7GP55YD,2024-07-11 12:51:11.889921+00,01KHPX62GMWGR2S7,,STATIC,"{""az"":""Funksiyalar"",""en"":""Functions"",""ru"":""Функции""}"
01KHPX62K7GXDR3A,2024-07-11 12:51:11.889921+00,01KHPX62GMERFGT6,,STATIC,"{""az"":""Akseesuarlar"",""en"":""Accessories"",""ru"":""Аксессуары""}"
01KHPX62K7H10H6F,2024-07-11 12:51:11.889921+00,01KHPX62GMH1V3W5,,STATIC,"{""az"":""Növü"",""en"":""The type"",""ru"":""Тип""}"
01KHPX62K7H2GMAS,2024-07-11 12:51:11.889921+00,01KHPX62GMR2DX86,,STATIC,"{""az"":""Bilet növü"",""en"":""Ticket type"",""ru"":""Тип билета""}"
01KHPX62K7HDJXB4,2024-07-11 12:51:11.889921+00,01KHPX62GK0VJ7C9,,STATIC,"{""az"":""Çatdırılma var"",""en"":""Delivery available"",""ru"":""Возможна доставка""}"
01KHPX62K7HDPNDP,2024-07-11 12:51:11.889921+00,01KHPX62GM1M3YGG,,STATIC,"{""az"":""Funksiyalar"",""en"":""Functions"",""ru"":""Функции""}"
01KHPX62K7HM77S6,2024-07-11 12:51:11.889921+00,01KHPX62GMEFHSFC,,STATIC,"{""az"":""Rəngi"",""en"":""Color"",""ru"":""Цвет""}"
01KHPX62K7HTCYN2,2024-07-11 12:51:11.889921+00,01KHPX62GMWMABNH,,STATIC,"{""az"":""Tikilinin vəziyyəti"",""en"":""The condition of the building"",""ru"":""Состояние здания""}"
01KHPX62K7HWM22C,2024-07-11 12:51:11.889921+00,01KHPX62GMNFJXQQ,,STATIC,"{""az"":""Siferblat növü növü"",""en"":""Dial type type"",""ru"":""Тип набора номера""}"
01KHPX62K7JEEWX6,2024-07-11 12:51:11.889921+00,01KHPX62GMWGR2S7,,STATIC,"{""az"":""Mexanizm növü"",""en"":""Mechanism type"",""ru"":""Тип механизма""}"
01KHPX62K7JRP53F,2024-07-11 12:51:11.889921+00,01KHPX62GKR7B1QW,,STATIC,"{""az"":""Qızılın əyarı"",""en"":""The weight of gold"",""ru"":""Вес золота""}"
01KHPX62K7JS4MWV,2024-07-11 12:51:11.889921+00,01KHPX62GK9809PJ,,STATIC,"{""az"":""Növü"",""en"":""The type"",""ru"":""Тип""}"
01KHPX62K7JSF28B,2024-07-11 12:51:11.889921+00,01KHPX62GKVRRJM3,,STATIC,"{""az"":""Növü"",""en"":""The type"",""ru"":""Тип""}"
01KHPX62K7JVCE88,2024-07-11 12:51:11.889921+00,01KHPX62GKNSE8JP,,STATIC,"{""az"":""Çatdırılma var"",""en"":""Delivery available"",""ru"":""Возможна доставка""}"
01KHPX62K7JWWP9N,2024-07-11 12:51:11.889921+00,01KHPX62GM1M3YGG,,STATIC,"{""az"":""Rəngi"",""en"":""Color"",""ru"":""Цвет""}"
01KHPX62K7JXKDJT,2024-07-11 12:51:11.889921+00,01KHPX62GMXXCG5M,,STATIC,"{""az"":""Saç rəngi"",""en"":""Hair color"",""ru"":""Цвет волос""}"
01KHPX62K7K5FW5A,2024-07-11 12:51:11.889921+00,01KHPX62GMS84QNN,,STATIC,"{""az"":""Aksesuar növü"",""en"":""Type of accessory"",""ru"":""Тип аксессуара""}"
01KHPX62K7KAP3S3,2024-07-11 12:51:11.889921+00,01KHPX62GK4CSF9Y,,STATIC,"{""az"":""Geyim öçüləri"",""en"":""Clothes hangers"",""ru"":""Вешалки для одежды""}"
01KHPX62K7KPKH3Q,2024-07-11 12:51:11.889921+00,01KHPX62GM3CXZ5C,,STATIC,"{""az"":""Heyvan növü"",""en"":""Animal type"",""ru"":""Тип животного""}"
01KHPX62K7MB580H,2024-07-11 12:51:11.889921+00,01KHPX62GM9YH297,,STATIC,"{""az"":""Kupça çıxarış"",""en"":""Kupcha extract"",""ru"":""Экстракт Купчи""}"
01KHPX62K7MNWCFY,2024-07-11 12:51:11.889921+00,01KHPX62GKR7B1QW,,DYNAMIC,"{""az"":""Bijuteriya barmaq, boyun, bilək ölçüləri"",""en"":""Bijouterie finger, neck, wrist sizes"",""ru"":""Бижутерия размеры пальцев, шеи, запястья""}"
01KHPX62K7MPZRAT,2024-07-11 12:51:11.889921+00,01KHPX62GMNFJXQQ,,STATIC,"{""az"":""Suya və toza davamlılıq var"",""en"":""There is resistance to water and dust"",""ru"":""Есть устойчивость к воде и пыли""}"
01KHPX62K7MY5M07,2024-07-11 12:51:11.889921+00,01KHPX62GMVCN92B,,STATIC,"{""az"":""Ev üçün kiçik məişət texnikaları"",""en"":""Small appliances for the home"",""ru"":""Мелкая бытовая техника для дома""}"
01KHPX62K7MZHR37,2024-07-11 12:51:11.889921+00,01KHPX62GKQ42KHP,,STATIC,"{""az"":""Yeni"",""en"":""New"",""ru"":""Новый""}"
01KHPX62K7N24EQ7,2024-07-11 12:51:11.889921+00,01KHPX62GMWGR2S7,,STATIC,"{""az"":""Korpusun materialı"",""en"":""Case material"",""ru"":""Материал корпуса""}"
01KHPX62K7N3HXYR,2024-07-11 12:51:11.889921+00,01KHPX62GMNFJXQQ,,STATIC,"{""az"":""Korpusun materialı"",""en"":""Case material"",""ru"":""Материал корпуса""}"
01KHPX62K7N9FSF9,2024-07-11 12:51:11.889921+00,01KHPX62GMJ5D03J,,STATIC,"{""az"":""Suya və toza davamlılıq var"",""en"":""There is resistance to water and dust"",""ru"":""Есть устойчивость к воде и пыли""}"
01KHPX62K7NBQD2V,2024-07-11 12:51:11.889921+00,01KHPX62GM1M3YGG,,STATIC,"{""az"":""Suya və toza davamlılıq var"",""en"":""There is resistance to water and dust"",""ru"":""Есть устойчивость к воде и пыли""}"
01KHPX62K7NE84W2,2024-07-11 12:51:11.889921+00,01KHPX62GK2NR14R,,STATIC,"{""az"":""Rəngi"",""en"":""Color"",""ru"":""Цвет""}"
01KHPX62K7NEANA0,2024-07-11 12:51:11.889921+00,01KHPX62GK80SFH6,,STATIC,"{""az"":""Alət növü"",""en"":""Tool type"",""ru"":""Тип инструмента""}"
01KHPX62K7P0MYCG,2024-07-11 12:51:11.889921+00,01KHPX62GKGWA5K7,,STATIC,"{""az"":""Kölleksiya növü"",""en"":""Collection type"",""ru"":""Тип коллекции""}"
01KHPX62K7P1A9ZW,2024-07-11 12:51:11.889921+00,01KHPX62GMNFJXQQ,,STATIC,"{""az"":""Rəngi"",""en"":""Color"",""ru"":""Цвет""}"
01KHPX62K7P1T0MP,2024-07-11 12:51:11.889921+00,01KHPX62GMVCN92B,,STATIC,"{""az"":""Çatdırılma var"",""en"":""Delivery available"",""ru"":""Возможна доставка""}"
01KHPX62K7P3G3PM,2024-07-11 12:51:11.889921+00,01KHPX62GM5D5EPT,,STATIC,"{""az"":""Qida növləri"",""en"":""Types of food"",""ru"":""Виды еды""}"
01KHPX62K7P4VJ4D,2024-07-11 12:51:11.889921+00,01KHPX62GN57AQWS,,STATIC,"{""az"":""Ayaqqabı kim üçündü"",""en"":""Who were the shoes for?"",""ru"":""Кому предназначались туфли?""}"
01KHPX62K7PDSCKN,2024-07-11 12:51:11.889921+00,01KHPX62GM9F779W,,STATIC,"{""az"":""Tur və sayahət növü"",""en"":""Type of tour and travel"",""ru"":""Тип тура и путешествия""}"
01KHPX62K7PPD662,2024-07-11 12:51:11.889921+00,01KHPX62GMERFGT6,,STATIC,"{""az"":""Yem növü"",""en"":""Feed type"",""ru"":""Тип корма""}"
01KHPX62K7PV31G6,2024-07-11 12:51:11.889921+00,01KHPX62GMNFJXQQ,,STATIC,"{""az"":""Funksiyalar"",""en"":""Functions"",""ru"":""Функции""}"
01KHPX62K7QMW5P7,2024-07-11 12:51:11.889921+00,01KHPX62GK10F4BM,,STATIC,"{""az"":""Bijuteriya materialı"",""en"":""Bijouterie material"",""ru"":""Материал для бижутерии""}"
01KHPX62K7QQV7ZD,2024-07-11 12:51:11.889921+00,01KHPX62GKK9QAVK,,STATIC,"{""az"":""Çatdırılma var"",""en"":""Delivery available"",""ru"":""Возможна доставка""}"
01KHPX62K7QT9BAV,2024-07-11 12:51:11.889921+00,01KHPX62GMCYPZK1,,STATIC,"{""az"":""Bitki Dibçəkləri və Qulluq vasitələri"",""en"":""Plant Pots and Care Tools"",""ru"":""Горшки для растений и инструменты для ухода""}"
01KHPX62K7QVNT8X,2024-07-11 12:51:11.889921+00,01KHPX62GM04MTH6,,STATIC,"{""az"":""Saç rəngi"",""en"":""Hair color"",""ru"":""Цвет волос""}"
01KHPX62K7R0QMFK,2024-07-11 12:51:11.889921+00,01KHPX62GMEFHSFC,,STATIC,"{""az"":""Siferblat növü növü"",""en"":""Dial type type"",""ru"":""Тип набора номера""}"
01KHPX62K7R57EWA,2024-07-11 12:51:11.889921+00,01KHPX62GK4CSF9Y,,STATIC,"{""az"":""Geyim növü"",""en"":""Type of clothing"",""ru"":""Тип одежды""}"
01KHPX62K7RBWD41,2024-07-11 12:51:11.889921+00,01KHPX62GKR7B1QW,,STATIC,"{""az"":""Üzərində dəyərli daş var"",""en"":""There is a precious stone on it"",""ru"":""На нем драгоценный камень""}"
01KHPX62K7RE60QJ,2024-07-11 12:51:11.889921+00,01KHPX62GMWGR2S7,,STATIC,"{""az"":""Siferblat növü növü"",""en"":""Dial type type"",""ru"":""Тип набора номера""}"
01KHPX62K7SD8M2P,2024-07-11 12:51:11.889921+00,01KHPX62GMWMABNH,,STATIC,"{""az"":""Satılır / Kirayə verilir"",""en"":""For Sale / For Rent"",""ru"":""Продажа/Аренда""}"
01KHPX62K7T1YXGS,2024-07-11 12:51:11.889921+00,01KHPX62GKPVB8YB,,DYNAMIC,"{""az"":""Əşya neçənci ilə aiddir"",""en"":""What year does the item belong to?"",""ru"":""Какому году принадлежит предмет?""}"
01KHPX62K7T33BVS,2024-07-11 12:51:11.889921+00,01KHPX62GMZETFRJ,,STATIC,"{""az"":""Aparat növü"",""en"":""Device type"",""ru"":""Тип устройства""}"
01KHPX62K7T36Q2N,2024-07-11 12:51:11.889921+00,01KHPX62GMMBYHQ4,,STATIC,"{""az"":""İdman alətləri"",""en"":""Sports equipment"",""ru"":""Спортивное оборудование""}"
01KHPX62K7TEXM12,2024-07-11 12:51:11.889921+00,01KHPX62GKR7B1QW,,STATIC,"{""az"":""Dəyərli daş növü"",""en"":""A type of precious stone"",""ru"":""Разновидность драгоценного камня""}"
01KHPX62K7TXPWMG,2024-07-11 12:51:11.889921+00,01KHPX62GMERFGT6,,STATIC,"{""az"":""Gəmirici növü"",""en"":""Rodent species"",""ru"":""Виды грызунов""}"
01KHPX62K7V9EMWX,2024-07-11 12:51:11.889921+00,01KHPX62GKQ42KHP,,DYNAMIC,"{""az"":""Ayaqqabı öçüləri"",""en"":""Shoelaces"",""ru"":""Шнурки""}"
01KHPX62K7VM37Y7,2024-07-11 12:51:11.889921+00,01KHPX62GMD3BV4V,,STATIC,"{""az"":""Dəst növü"",""en"":""Set type"",""ru"":""Тип установки""}"
01KHPX62K7VN88GK,2024-07-11 12:51:11.889921+00,01KHPX62GM9YH297,,DYNAMIC,"{""az"":""Sahəsi"",""en"":""Area"",""ru"":""Область""}"
01KHPX62K7VNVCGT,2024-07-11 12:51:11.889921+00,01KHPX62GN26JMMS,,STATIC,"{""az"":""Geyim növü"",""en"":""Type of clothing"",""ru"":""Тип одежды""}"
01KHPX62K7W9BZ8E,2024-07-11 12:51:11.889921+00,01KHPX62GMWMABNH,,STATIC,"{""az"":""Kupça çıxarış"",""en"":""Kupcha extract"",""ru"":""Экстракт Купчи""}"
01KHPX62K7WCN1PG,2024-07-11 12:51:11.889921+00,01KHPX62GKR7B1QW,,STATIC,"{""az"":""Yeni"",""en"":""New"",""ru"":""Новый""}"
01KHPX62K7WCQXA6,2024-07-11 12:51:11.889921+00,01KHPX62GK8YK090,,STATIC,"{""az"":""Yeni"",""en"":""New"",""ru"":""Новый""}"
01KHPX62K7WK50DK,2024-07-11 12:51:11.889921+00,01KHPX62GKPVB8YB,,STATIC,"{""az"":""Əşyanın növü"",""en"":""Item type"",""ru"":""Тип вещи""}"
01KHPX62K7X2NHDE,2024-07-11 12:51:11.889921+00,01KHPX62GM65R2PM,,STATIC,"{""az"":""Təmir vəziyyəti"",""en"":""Repair condition"",""ru"":""Состояние ремонта""}"
01KHPX62K7X712VA,2024-07-11 12:51:11.889921+00,01KHPX62GMWGR2S7,,STATIC,"{""az"":""Rəngi"",""en"":""Color"",""ru"":""Цвет""}"
01KHPX62K7XF24C9,2024-07-11 12:51:11.889921+00,01KHPX62GMCYPZK1,,STATIC,"{""az"":""Çatdırılma var"",""en"":""Delivery available"",""ru"":""Возможна доставка""}"
01KHPX62K7XJKW8J,2024-07-11 12:51:11.889921+00,01KHPX62GK89CT0T,,STATIC,"{""az"":""Yeni"",""en"":""New"",""ru"":""Новый""}"
01KHPX62K7XRJ9QD,2024-07-11 12:51:11.889921+00,01KHPX62GN68KXF3,,STATIC,"{""az"":""Vasitə növü"",""en"":""Vehicle type"",""ru"":""Тип машины""}"
01KHPX62K7XZ2GVS,2024-07-11 12:51:11.889921+00,01KHPX62GK92D5C8,,STATIC,"{""az"":""Yeni"",""en"":""New"",""ru"":""Новый""}"
01KHPX62K7YEX6AJ,2024-07-11 12:51:11.889921+00,01KHPX62GMHWWENP,,STATIC,"{""az"":""Çatdırılma var"",""en"":""Delivery available"",""ru"":""Возможна доставка""}"
01KHPX62K7YPE0XC,2024-07-11 12:51:11.889921+00,01KHPX62GKK9QAVK,,STATIC,"{""az"":""Hədiyyə növü"",""en"":""Gift type"",""ru"":""Тип подарка""}"
01KHPX62K7YQA4FV,2024-07-11 12:51:11.889921+00,01KHPX62GK92D5C8,,STATIC,"{""az"":""Çatdırılma var"",""en"":""Delivery available"",""ru"":""Возможна доставка""}"
01KHPX62K7YXHMH0,2024-07-11 12:51:11.889921+00,01KHPX62GMEFHSFC,,STATIC,"{""az"":""Funksiyalar"",""en"":""Functions"",""ru"":""Функции""}"
01KHPX62K7Z1BCNT,2024-07-11 12:51:11.889921+00,01KHPX62GMJ5D03J,,STATIC,"{""az"":""Korpusun materialı"",""en"":""Case material"",""ru"":""Материал корпуса""}"
01KHPX62K7Z862R2,2024-07-11 12:51:11.889921+00,01KHPX62GKY1XC3K,,STATIC,"{""az"":""Növü"",""en"":""The type"",""ru"":""Тип""}"
01KHPX62K7Z89HDT,2024-07-11 12:51:11.889921+00,01KHPX62GMCYPZK1,,STATIC,"{""az"":""Çöl bitkiləri"",""en"":""Wild plants"",""ru"":""Дикие растения""}"
01KHPX62K7ZB4TZT,2024-07-11 12:51:11.889921+00,01KHPX62GMJ5D03J,,STATIC,"{""az"":""Funksiyalar"",""en"":""Functions"",""ru"":""Функции""}"
01KHPX62K7ZFPPC1,2024-07-11 12:51:11.889921+00,01KHPX62GKEX118R,,STATIC,"{""az"":""Geyim neçə yaş uşaq üçündü"",""en"":""How old was the dress for a child?"",""ru"":""Сколько лет было платью для ребенка?""}"
01KHPX62K7ZHGTM6,2024-07-11 12:51:11.889921+00,01KHPX62GMHWWENP,,STATIC,"{""az"":""Matreallar"",""en"":""Materials"",""ru"":""Материалы""}"
01KHPX62K7ZJ3V8F,2024-07-11 12:51:11.889921+00,01KHPX62GK0VJ7C9,,STATIC,"{""az"":""Yeni"",""en"":""New"",""ru"":""Новый""}"
01KHPX62K7ZKZCM5,2024-07-11 12:51:11.889921+00,01KHPX62GMVCN92B,,STATIC,"{""az"":""Mətbəx üçün kiçik məişət texnikaları"",""en"":""Small household appliances for the kitchen"",""ru"":""Мелкая бытовая техника для кухни""}"
01KHPX62K7ZPY5HJ,2024-07-11 12:51:11.889921+00,01KHPX62GMMBYHQ4,,STATIC,"{""az"":""Əyləncə vasitələri"",""en"":""Entertainment vehicles"",""ru"":""Развлекательные автомобили""}"
01KHPX62K7ZWXX25,2024-07-11 12:51:11.889921+00,01KHPX62GMJ5D03J,,STATIC,"{""az"":""Mexanizm növü"",""en"":""Mechanism type"",""ru"":""Тип механизма""}"
01KHPX62K7ZZBSQF,2024-07-11 12:51:11.889921+00,01KHPX62GK10F4BM,,STATIC,"{""az"":""Çatdırılma var"",""en"":""Delivery available"",""ru"":""Возможна доставка""}"
01KHPX62K802GDQF,2024-07-11 12:51:11.889921+00,01KHPX62GM04ZB84,,STATIC,"{""az"":""Təraş vasitə növü"",""en"":""Type of shaver"",""ru"":""Тип бритвы""}"
01KHPX62K8049J12,2024-07-11 12:51:11.889921+00,01KHPX62GMM3P0Y4,,STATIC,"{""az"":""Çeşidi"",""en"":""Variety"",""ru"":""Разнообразие""}"
01KHPX62K804Y3VS,2024-07-11 12:51:11.889921+00,01KHPX62GM5HHF4Z,,STATIC,"{""az"":""Çeşidi"",""en"":""Variety"",""ru"":""Разнообразие""}"
01KHPX62K80P7H3P,2024-07-11 12:51:11.889921+00,01KHPX62GMC4ZVQW,,STATIC,"{""az"":""Dəstdə sayı"",""en"":""Number in set"",""ru"":""Количество в наборе""}"
01KHPX62K80RR2MG,2024-07-11 12:51:11.889921+00,01KHPX62GMH20RW3,,STATIC,"{""az"":""Çeşidi"",""en"":""Variety"",""ru"":""Разнообразие""}"
01KHPX62K814N2QE,2024-07-11 12:51:11.889921+00,01KHPX62GM7QDQC5,,STATIC,"{""az"":""Boya rəngi"",""en"":""Paint color"",""ru"":""Цвет краски""}"
01KHPX62K819PBQH,2024-07-11 12:51:11.889921+00,01KHPX62GM552EZ5,,STATIC,"{""az"":""Növləri"",""en"":""Types"",""ru"":""Типы""}"
01KHPX62K81REEEW,2024-07-11 12:51:11.889921+00,01KHPX62GKEY3ZFF,,STATIC,"{""az"":""Xidmət növü"",""en"":""Service type"",""ru"":""Тип Обслуживания""}"
01KHPX62K827B0B9,2024-07-11 12:51:11.889921+00,01KHPX62GMNNVJE5,,STATIC,"{""az"":""Çeşidi"",""en"":""Variety"",""ru"":""Разнообразие""}"
01KHPX62K82R8X0M,2024-07-11 12:51:11.889921+00,01KHPX62GMDQ7A2A,,STATIC,"{""az"":""Novü"",""en"":""New"",""ru"":""Новый""}"
01KHPX62K82S1HC7,2024-07-11 12:51:11.889921+00,01KHPX62GMFMBV39,,STATIC,"{""az"":""Növləri"",""en"":""Types"",""ru"":""Типы""}"
01KHPX62K82XNYEY,2024-07-11 12:51:11.889921+00,01KHPX62GMSH4Q70,,STATIC,"{""az"":""Növləri"",""en"":""Types"",""ru"":""Типы""}"
01KHPX62K8336BEB,2024-07-11 12:51:11.889921+00,01KHPX62GK2TXQNP,,STATIC,"{""az"":""Çeşidi"",""en"":""Variety"",""ru"":""Разнообразие""}"
01KHPX62K83BBDPK,2024-07-11 12:51:11.889921+00,01KHPX62GK1KR82F,,STATIC,"{""az"":""Xidmət növü"",""en"":""Service type"",""ru"":""Тип Обслуживания""}"
01KHPX62K83W4788,2025-11-02 14:52:53.010118+00,01KHPX62GKEBECRM,,DYNAMIC,"{""az"":""adaw"",""en"":""adaw"",""ru"":""adaw""}"
01KHPX62K842MX7G,2024-07-11 12:51:11.889921+00,01KHPX62GMA2DWD3,,STATIC,"{""az"":""Çeşidi"",""en"":""Variety"",""ru"":""Разнообразие""}"
01KHPX62K842Q3V9,2024-07-11 12:51:11.889921+00,01KHPX62GMDPZ0M7,,STATIC,"{""az"":""Çeşidi"",""en"":""Variety"",""ru"":""Разнообразие""}"
01KHPX62K84DC9KA,2024-07-11 12:51:11.889921+00,01KHPX62GMQWJ2C6,,STATIC,"{""az"":""Növü"",""en"":""The type"",""ru"":""Тип""}"
01KHPX62K85JYZ5H,2024-07-11 12:51:11.889921+00,01KHPX62GK8T0CCN,,STATIC,"{""az"":""Xidmət növü"",""en"":""Service type"",""ru"":""Тип Обслуживания""}"
01KHPX62K85R9H4W,2024-07-11 12:51:11.889921+00,01KHPX62GMCC6A1B,,STATIC,"{""az"":""Növləri"",""en"":""Types"",""ru"":""Типы""}"
01KHPX62K85RM51X,2024-07-11 12:51:11.889921+00,01KHPX62GMJTJ3HZ,,DYNAMIC,"{""az"":""Neçə litrəlikdi"",""en"":""How many liters was it"",""ru"":""Сколько литров было""}"
01KHPX62K85ZW6Y4,2024-07-11 12:51:11.889921+00,01KHPX62GMJCSCNZ,,STATIC,"{""az"":""Çeşidi"",""en"":""Variety"",""ru"":""Разнообразие""}"
01KHPX62K864T18T,2024-07-11 12:51:11.889921+00,01KHPX62GKRNKNFK,,STATIC,"{""az"":""Xidmət növü"",""en"":""Service type"",""ru"":""Тип Обслуживания""}"
01KHPX62K865XKNJ,2024-07-11 12:51:11.889921+00,01KHPX62GM0RSKYV,,STATIC,"{""az"":""Çeşidi"",""en"":""Variety"",""ru"":""Разнообразие""}"
01KHPX62K86S10H4,2024-07-11 12:51:11.889921+00,01KHPX62GMMD0SMA,,STATIC,"{""az"":""Növləri"",""en"":""Types"",""ru"":""Типы""}"
01KHPX62K86YQ9FW,2024-07-11 12:51:11.889921+00,01KHPX62GMN6QR6Q,,STATIC,"{""az"":""Çeşidi"",""en"":""Variety"",""ru"":""Разнообразие""}"
01KHPX62K870RMRS,2024-07-11 12:51:11.889921+00,01KHPX62GMF7ZDJR,,STATIC,"{""az"":""Növləri"",""en"":""Types"",""ru"":""Типы""}"
01KHPX62K872GJ1F,2024-07-11 12:51:11.889921+00,01KHPX62GM1PT0J2,,STATIC,"{""az"":""Çeşidi"",""en"":""Variety"",""ru"":""Разнообразие""}"
01KHPX62K87PNCZ9,2024-07-11 12:51:11.889921+00,01KHPX62GMZKTXN8,,STATIC,"{""az"":""Çeşidi"",""en"":""Variety"",""ru"":""Разнообразие""}"
01KHPX62K87WPXCZ,2024-07-11 12:51:11.889921+00,01KHPX62GKXGB6DS,,STATIC,"{""az"":""Xidmət növü"",""en"":""Service type"",""ru"":""Тип Обслуживания""}"
01KHPX62K87Z8Q4Y,2024-07-11 12:51:11.889921+00,01KHPX62GKR0ZSN6,,STATIC,"{""az"":""Xidmət növü"",""en"":""Service type"",""ru"":""Тип Обслуживания""}"
01KHPX62K88E5DQM,2024-07-11 12:51:11.889921+00,01KHPX62GMXTXBC0,,STATIC,"{""az"":""Çeşidi"",""en"":""Variety"",""ru"":""Разнообразие""}"
01KHPX62K89AJA0J,2024-07-11 12:51:11.889921+00,01KHPX62GK6JJQBF,,STATIC,"{""az"":""Ətir kim üçündü"",""en"":""Who was the perfume for"",""ru"":""Для кого предназначались духи""}"
01KHPX62K89DJYN2,2024-07-11 12:51:11.889921+00,01KHPX62GMV5F3TN,,STATIC,"{""az"":""İçkinin dadı"",""en"":""The taste of the drink"",""ru"":""Названия напитка""}"
01KHPX62K89TE3VQ,2024-07-11 12:51:11.889921+00,01KHPX62GK31N3MQ,,STATIC,"{""az"":""Xidmət növü"",""en"":""Service type"",""ru"":""Тип Обслуживания""}"
01KHPX62K8AJAA5B,2024-07-11 12:51:11.889921+00,01KHPX62GMK7VYM0,,STATIC,"{""az"":""Növləri"",""en"":""Types"",""ru"":""Типы""}"
01KHPX62K8BGETQ3,2024-07-11 12:51:11.889921+00,01KHPX62GMF037QZ,,STATIC,"{""az"":""Çeşidi"",""en"":""Variety"",""ru"":""Разнообразие""}"
01KHPX62K8BJ4137,2024-07-11 12:51:11.889921+00,01KHPX62GM97JQZ8,,STATIC,"{""az"":""Vasitə növü"",""en"":""Vehicle type"",""ru"":""Тип машины""}"
01KHPX62K8BQF1FY,2024-07-11 12:51:11.889921+00,01KHPX62GMQ2ERE4,,STATIC,"{""az"":""Növü"",""en"":""The type"",""ru"":""Тип""}"
01KHPX62K8BR80RF,2024-07-11 12:51:11.889921+00,01KHPX62GKSV129B,,STATIC,"{""az"":""Xidmət növü"",""en"":""Service type"",""ru"":""Тип Обслуживания""}"
01KHPX62K8BSSVQF,2024-07-11 12:51:11.889921+00,01KHPX62GM7FGFYW,,STATIC,"{""az"":""Çeşidi"",""en"":""Variety"",""ru"":""Разнообразие""}"
01KHPX62K8CD0A9B,2024-07-11 12:51:11.889921+00,01KHPX62GMMAT0FB,,STATIC,"{""az"":""Çeşidi"",""en"":""Variety"",""ru"":""Разнообразие""}"
01KHPX62K8CHJGS6,2024-07-11 12:51:11.889921+00,01KHPX62GMZ7ATHE,,STATIC,"{""az"":""Çeşidi"",""en"":""Variety"",""ru"":""Разнообразие""}"
01KHPX62K8CQW9DX,2024-07-11 12:51:11.889921+00,01KHPX62GK7R1KJJ,,STATIC,"{""az"":""Çatdırılma var"",""en"":""Delivery available"",""ru"":""Возможна доставка""}"
01KHPX62K8DH2Y3F,2024-07-11 12:51:11.889921+00,01KHPX62GMKNKHTZ,,STATIC,"{""az"":""Növləri"",""en"":""Types"",""ru"":""Типы""}"
01KHPX62K8DSQB02,2024-07-11 12:51:11.889921+00,01KHPX62GMQ2ERE4,,STATIC,"{""az"":""Markası"",""en"":""Brand"",""ru"":""Бренд""}"
01KHPX62K8DYN3KR,2024-07-11 12:51:11.889921+00,01KHPX62GMFG0CQK,,STATIC,"{""az"":""Növləri"",""en"":""Types"",""ru"":""Типы""}"
01KHPX62K8E4MM9K,2024-07-11 12:51:11.889921+00,01KHPX62GM3VQ382,,STATIC,"{""az"":""Novü"",""en"":""New"",""ru"":""Новый""}"
01KHPX62K8E88H48,2024-07-11 12:51:11.889921+00,01KHPX62GKEV52TP,,STATIC,"{""az"":""Çatdırılma var"",""en"":""Delivery available"",""ru"":""Возможна доставка""}"
01KHPX62K8F0X8P1,2024-07-11 12:51:11.889921+00,01KHPX62GKVMV9DV,,STATIC,"{""az"":""Xidmət növü"",""en"":""Service type"",""ru"":""Тип Обслуживания""}"
01KHPX62K8F2K0TR,2024-07-11 12:51:11.889921+00,01KHPX62GM8BJ102,,STATIC,"{""az"":""Növləri"",""en"":""Types"",""ru"":""Типы""}"
01KHPX62K8FDBDTN,2024-07-11 12:51:11.889921+00,01KHPX62GKHWRMSG,,STATIC,"{""az"":""Xidmət növü"",""en"":""Service type"",""ru"":""Тип Обслуживания""}"
01KHPX62K8FEJW5W,2024-07-11 12:51:11.889921+00,01KHPX62GMW9N63N,,STATIC,"{""az"":""Çeşidi"",""en"":""Variety"",""ru"":""Разнообразие""}"
01KHPX62K8FMNTTF,2024-07-11 12:51:11.889921+00,01KHPX62GKV808QZ,,STATIC,"{""az"":""Vasitə növləri"",""en"":""Types of vehicles"",""ru"":""Типы транспортных средств""}"
01KHPX62K8G3W39K,2024-07-11 12:51:11.889921+00,01KHPX62GK6C8E04,,STATIC,"{""az"":""Xidmət növü"",""en"":""Service type"",""ru"":""Тип Обслуживания""}"
01KHPX62K8G8ECRK,2024-07-11 12:51:11.889921+00,01KHPX62GM5VYFEE,,STATIC,"{""az"":""Sprey növü"",""en"":""Spray type"",""ru"":""Тип распыления""}"
01KHPX62K8H861E0,2024-07-11 12:51:11.889921+00,01KHPX62GMQ2ERE4,,STATIC,"{""az"":""Kim üçün"",""en"":""For whom"",""ru"":""Для кого""}"
01KHPX62K8HMKZ2J,2024-07-11 12:51:11.889921+00,01KHPX62GKAC0KPV,,STATIC,"{""az"":""Xidmət növü"",""en"":""Service type"",""ru"":""Тип Обслуживания""}"
01KHPX62K8HWNTH9,2024-07-11 12:51:11.889921+00,01KHPX62GMJTJ3HZ,,STATIC,"{""az"":""Novü"",""en"":""New"",""ru"":""Новый""}"
01KHPX62K8J7ZG6Q,2024-07-11 12:51:11.889921+00,01KHPX62GMNCYTZF,,STATIC,"{""az"":""Növləri"",""en"":""Types"",""ru"":""Типы""}"
01KHPX62K8JBS2G5,2024-07-11 12:51:11.889921+00,01KHPX62GM99R6WM,,STATIC,"{""az"":""Növü"",""en"":""The type"",""ru"":""Тип""}"
01KHPX62K8KD95HS,2024-07-11 12:51:11.889921+00,01KHPX62GKRMY38E,,STATIC,"{""az"":""Xidmət növü"",""en"":""Service type"",""ru"":""Тип Обслуживания""}"
01KHPX62K8M4XSA6,2024-07-11 12:51:11.889921+00,01KHPX62GK6N5N14,,STATIC,"{""az"":""Xidmət növü"",""en"":""Service type"",""ru"":""Тип Обслуживания""}"
01KHPX62K8MQB940,2024-07-11 12:51:11.889921+00,01KHPX62GKTRRDH7,,STATIC,"{""az"":""Xidmət növü"",""en"":""Service type"",""ru"":""Тип Обслуживания""}"
01KHPX62K8MSVJT5,2024-07-11 12:51:11.889921+00,01KHPX62GMY765JA,,STATIC,"{""az"":""Çeşidi"",""en"":""Variety"",""ru"":""Разнообразие""}"
01KHPX62K8NK0GA5,2024-07-11 12:51:11.889921+00,01KHPX62GKF15TBH,,STATIC,"{""az"":""Xidmət növü"",""en"":""Service type"",""ru"":""Тип Обслуживания""}"
01KHPX62K8NPN9NH,2024-07-11 12:51:11.889921+00,01KHPX62GKC1NXBG,,STATIC,"{""az"":""Xidmət növü"",""en"":""Service type"",""ru"":""Тип Обслуживания""}"
01KHPX62K8NY5CHV,2024-07-11 12:51:11.889921+00,01KHPX62GMQY1BE9,,STATIC,"{""az"":""Növləri"",""en"":""Types"",""ru"":""Типы""}"
01KHPX62K8PAV6C3,2024-07-11 12:51:11.889921+00,01KHPX62GKCHJ96M,,STATIC,"{""az"":""Xidmət növü"",""en"":""Service type"",""ru"":""Тип Обслуживания""}"
01KHPX62K8PCTED1,2024-07-11 12:51:11.889921+00,01KHPX62GMEQYBJB,,STATIC,"{""az"":""Çeşidi"",""en"":""Variety"",""ru"":""Разнообразие""}"
01KHPX62K8PW1CHZ,2024-07-11 12:51:11.889921+00,01KHPX62GMZ49E15,,STATIC,"{""az"":""Çeşidi"",""en"":""Variety"",""ru"":""Разнообразие""}"
01KHPX62K8QQRRZ1,2024-07-11 12:51:11.889921+00,01KHPX62GMW77W2C,,STATIC,"{""az"":""Növləri"",""en"":""Types"",""ru"":""Типы""}"
01KHPX62K8R7TWQX,2024-07-11 12:51:11.889921+00,01KHPX62GMTBRHGK,,STATIC,"{""az"":""Vasitə növü"",""en"":""Vehicle type"",""ru"":""Тип машины""}"
01KHPX62K8RFWSDZ,2024-07-11 12:51:11.889921+00,01KHPX62GM6FCHCB,,STATIC,"{""az"":""Çeşidi"",""en"":""Variety"",""ru"":""Разнообразие""}"
01KHPX62K8RM295M,2024-07-11 12:51:11.889921+00,01KHPX62GMYWSDNT,,STATIC,"{""az"":""Çeşidi"",""en"":""Variety"",""ru"":""Разнообразие""}"
01KHPX62K8S7JNSS,2024-07-11 12:51:11.889921+00,01KHPX62GK6JJQBF,,STATIC,"{""az"":""Ətir növü"",""en"":""Type of fragrance"",""ru"":""Тип аромата""}"
01KHPX62K8S7K9HG,2024-07-11 12:51:11.889921+00,01KHPX62GM5VYFEE,,STATIC,"{""az"":""Spreyin dadı"",""en"":""The taste of the spray"",""ru"":""Вкус спрея""}"
01KHPX62K8SZ1N25,2024-07-11 12:51:11.889921+00,01KHPX62GKYXPJBE,,STATIC,"{""az"":""Xidmət növü"",""en"":""Service type"",""ru"":""Тип Обслуживания""}"
01KHPX62K8TGRC4N,2024-07-11 12:51:11.889921+00,01KHPX62GKKSB1QG,,STATIC,"{""az"":""Xidmət növü"",""en"":""Service type"",""ru"":""Тип Обслуживания""}"
01KHPX62K8TNKV2B,2024-07-11 12:51:11.889921+00,01KHPX62GMF7FEY3,,STATIC,"{""az"":""Vasitə növü"",""en"":""Vehicle type"",""ru"":""Тип машины""}"
01KHPX62K8V4NZ6J,2024-07-11 12:51:11.889921+00,01KHPX62GMH5GN01,,STATIC,"{""az"":""Çeşidi"",""en"":""Variety"",""ru"":""Разнообразие""}"
01KHPX62K8V8VATM,2024-07-11 12:51:11.889921+00,01KHPX62GM779JTE,,STATIC,"{""az"":""Vasitə növü"",""en"":""Vehicle type"",""ru"":""Тип машины""}"
01KHPX62K8VD5XYQ,2024-07-11 12:51:11.889921+00,01KHPX62GKMH2T2D,,STATIC,"{""az"":""Avadanlıq növü"",""en"":""Equipment type"",""ru"":""Тип оборудования""}"
01KHPX62K8VFACPA,2024-07-11 12:51:11.889921+00,01KHPX62GMNT9E4M,,STATIC,"{""az"":""Növləri"",""en"":""Types"",""ru"":""Типы""}"
01KHPX62K8VFHBHH,2024-07-11 12:51:11.889921+00,01KHPX62GMXWAVXC,,STATIC,"{""az"":""Növləri"",""en"":""Types"",""ru"":""Типы""}"
01KHPX62K8VHY5TR,2024-07-11 12:51:11.889921+00,01KHPX62GM14PB90,,STATIC,"{""az"":""Çeşidi"",""en"":""Variety"",""ru"":""Разнообразие""}"
01KHPX62K8VKYAJC,2024-07-11 12:51:11.889921+00,01KHPX62GMGAYEME,,STATIC,"{""az"":""Çeşidi"",""en"":""Variety"",""ru"":""Разнообразие""}"
01KHPX62K8VT4RA1,2024-07-11 12:51:11.889921+00,01KHPX62GMZ3BJ3C,,STATIC,"{""az"":""Növü"",""en"":""The type"",""ru"":""Тип""}"
01KHPX62K8VWQKVB,2024-07-11 12:51:11.889921+00,01KHPX62GKYB08Z1,,STATIC,"{""az"":""Xidmət növü"",""en"":""Service type"",""ru"":""Тип Обслуживания""}"
01KHPX62K8VXTTY8,2024-07-11 12:51:11.889921+00,01KHPX62GKT9HERK,,STATIC,"{""az"":""Xidmət növü"",""en"":""Service type"",""ru"":""Тип Обслуживания""}"
01KHPX62K8W8TZ0H,2024-07-11 12:51:11.889921+00,01KHPX62GMTBK8ZX,,STATIC,"{""az"":""Növləri"",""en"":""Types"",""ru"":""Типы""}"
01KHPX62K8X76K13,2024-07-11 12:51:11.889921+00,01KHPX62GM1A00GR,,STATIC,"{""az"":""Çeşidi"",""en"":""Variety"",""ru"":""Разнообразие""}"
01KHPX62K8XHPPMX,2024-07-11 12:51:11.889921+00,01KHPX62GMQ4JYEA,,STATIC,"{""az"":""Növləri"",""en"":""Types"",""ru"":""Типы""}"
01KHPX62K8XQ9NXT,2024-07-11 12:51:11.889921+00,01KHPX62GKJ61343,,STATIC,"{""az"":""Xidmət növü"",""en"":""Service type"",""ru"":""Тип Обслуживания""}"
01KHPX62K8Y3RSZM,2024-07-11 12:51:11.889921+00,01KHPX62GKAM1F4R,,STATIC,"{""az"":""Xidmət növü"",""en"":""Service type"",""ru"":""Тип Обслуживания""}"
01KHPX62K8Y4NVS7,2024-07-11 12:51:11.889921+00,01KHPX62GKA2M8CR,,STATIC,"{""az"":""Xidmət növü"",""en"":""Service type"",""ru"":""Тип Обслуживания""}"
01KHPX62K8YAJT0S,2024-07-11 12:51:11.889921+00,01KHPX62GK8GSA1N,,STATIC,"{""az"":""Xidmət növü"",""en"":""Service type"",""ru"":""Тип Обслуживания""}"
01KHPX62K8YF4YR8,2024-07-11 12:51:11.889921+00,01KHPX62GMJ632WW,,STATIC,"{""az"":""Çeşidi"",""en"":""Variety"",""ru"":""Разнообразие""}"
01KHPX62K8YJ9D69,2024-07-11 12:51:11.889921+00,01KHPX62GM0SXS16,,STATIC,"{""az"":""Cihaz növləri"",""en"":""Device types"",""ru"":""Типы устройств""}"
01KHPX62K8YWHVM6,2024-07-11 12:51:11.889921+00,01KHPX62GMW26FSM,,STATIC,"{""az"":""Linza növü"",""en"":""Lens type"",""ru"":""Тип объектива""}"
01KHPX62K8Z0YW9Z,2024-07-11 12:51:11.889921+00,01KHPX62GK7480AV,,STATIC,"{""az"":""Masaj növü"",""en"":""Type of massage"",""ru"":""Вид массажа""}"
01KHPX62K8Z28VB9,2024-07-11 12:51:11.889921+00,01KHPX62GMBB2WZ5,,STATIC,"{""az"":""Çeşidi"",""en"":""Variety"",""ru"":""Разнообразие""}"
01KHPX62K8ZQNQF8,2024-07-11 12:51:11.889921+00,01KHPX62GK10GS5E,,STATIC,"{""az"":""Növləri"",""en"":""Types"",""ru"":""Типы""}"