id,created_at,updated_at,is_active,icon,parent_id,has_options,type,title,description
01KHPX62GJDWS0F9,2024-02-18 19:01:11+00,2024-02-18 19:01:13+00,true,avto.png,01KHPX62GKGX3BSS,,standard,"{""az"":""Su nəqilyyatı"",""en"":"""",""ru"":""""}","{""az"":""Su nəqilyyatı"",""en"":"""",""ru"":""""}"
01KHPX62GJH5VHNM,2024-03-06 20:11:21.586361+00,,true,,01KHPX62GK92D5C8,,standard,"{""az"":""Saçlara qulluq"",""en"":"""",""ru"":""""}","{""az"":""Saçlara qulluq"",""en"":"""",""ru"":""""}"
01KHPX62GJPW2MRA,2025-11-27 04:50:38.663072+00,,true,test,,false,,"{""az"":""test"",""en"":""test"",""ru"":""test""}","{""az"":""test"",""en"":""test"",""ru"":""test""}"
01KHPX62GK077Y2A,2024-03-07 19:29:16.112818+00,,true,,01KHPX62GKNYGMZE,,standard,"{""az"":""Turizm xidmətləri"",""en"":"""",""ru"":""""}","{""az"":""Turizm xidmətləri"",""en"":"""",""ru"":""""}"
01KHPX62GK0CR2F8,2024-03-07 19:50:36.099464+00,,true,,01KHPX62GKNSE8JP,,standard,"{""az"":""Uşaq və körpələr üçün"",""en"":"""",""ru"":""""}","{""az"":""Uşaq və körpələr üçün"",""en"":"""",""ru"":""""}"
01KHPX62GK0DCBCG,2024-03-08 19:13:40.241371+00,,true,,01KHPX62GKX8R996,,standard,"{""az"":""Digər"",""en"":"""",""ru"":""""}","{""az"":""Digər"",""en"":"""",""ru"":""""}"
01KHPX62GK0VJ7C9,2024-03-06 20:05:11.339799+00,,true,,01KHPX62GKV8E17W,,standard,"{""az"":""Mebellər"",""en"":"""",""ru"":""""}","{""az"":""Mebellər"",""en"":"""",""ru"":""""}"
01KHPX62GK10F4BM,2024-03-06 20:04:52.77206+00,,true,,01KHPX62GKV8E17W,,standard,"{""az"":"" Bijuteriya"",""en"":"""",""ru"":""""}","{""az"":""\nBijuteriya"",""en"":"""",""ru"":""""}"
01KHPX62GK10GS5E,2024-03-14 20:56:47.389247+00,,true,,01KHPX62GMCFTEV8,,standard,"{""az"":""Dodaq"",""en"":"""",""ru"":""""}","{""az"":""Dodaq\n\n\n\n\n"",""en"":"""",""ru"":""""}"
01KHPX62GK15786V,2025-09-07 17:26:30.368169+00,2025-09-07 17:28:23.351+00,true,,01KHPX62GK15786V,,standard,"{""az"":""Test kategoriya"",""en"":"""",""ru"":""""}","{""az"":""test"",""en"":"""",""ru"":""""}"
01KHPX62GK1KR82F,2024-03-07 19:19:51.631424+00,,true,,01KHPX62GKNYGMZE,,standard,"{""az"":""Yükdaşıma və hərəkət xidmətləri"",""en"":"""",""ru"":""""}","{""az"":""Yükdaşıma və hərəkət xidmətləri"",""en"":"""",""ru"":""""}"
01KHPX62GK1Y6N41,2025-11-18 17:26:24.767725+00,2025-11-18 17:26:51.079+00,true,,01KHPX62GK1Y6N41,,standard,"{""az"":""Test alt"",""en"":"""",""ru"":""""}","{""az"":""sssddttdddfff"",""en"":"""",""ru"":""""}"
01KHPX62GK25K098,2024-03-07 19:23:15.80932+00,,true,,01KHPX62GKNYGMZE,,standard,"{""az"":""Təlim və Tədris xidmətləri"",""en"":"""",""ru"":""""}","{""az"":""Təlim və Tədris xidmətləri"",""en"":"""",""ru"":""""}"
01KHPX62GK29NWM6,2024-03-06 20:22:25.04962+00,,true,,01KHPX62GKFNNXGW,,standard,"{""az"":""Dizayn aləmi"",""en"":"""",""ru"":""""}","{""az"":""Dizayn aləmi"",""en"":"""",""ru"":""""}"
01KHPX62GK2JN6MY,2024-03-06 20:12:52.226141+00,,true,,01KHPX62GK92D5C8,,standard,"{""az"":""Sağlamlıq və Qayğı"",""en"":"""",""ru"":""""}","{""az"":""Sağlamlıq və Qayğı"",""en"":"""",""ru"":""""}"
01KHPX62GK2NR14R,2024-03-18 20:25:54.440261+00,,true,,01KHPX62GK89CT0T,,standard,"{""az"":""Sport saatlar"",""en"":"""",""ru"":""""}","{""az"":""Sport saatlar\n\n\n\n"",""en"":"""",""ru"":""""}"
01KHPX62GK2TXQNP,2024-03-06 20:33:31.378551+00,,true,,01KHPX62GKEV52TP,,standard,"{""az"":""Fast-Food yeməkləri"",""en"":"""",""ru"":""""}","{""az"":""Fast-Food yeməkləri"",""en"":"""",""ru"":""""}"
01KHPX62GK2YYRXC,2025-11-18 17:25:13.027073+00,2025-11-18 17:28:08.232+00,true,,01KHPX62GK441ZFC,,standard,"{""az"":""Test"",""en"":"""",""ru"":""""}","{""az"":""sssdd"",""en"":"""",""ru"":""""}"
01KHPX62GK31N3MQ,2024-03-07 19:27:30.345747+00,,true,,01KHPX62GKNYGMZE,,standard,"{""az"":""Taksi xidmətləri"",""en"":"""",""ru"":""""}","{""az"":""Taksi xidmətləri"",""en"":"""",""ru"":""""}"
01KHPX62GK31TY2B,2024-03-06 20:30:56.855402+00,,true,,01KHPX62GKEV52TP,,standard,"{""az"":""Meyvə-Tərəvəz"",""en"":"""",""ru"":""""}","{""az"":""Meyvə-Tərəvəz"",""en"":"""",""ru"":""""}"
01KHPX62GK38CWYN,2024-03-06 19:55:54.525851+00,,true,,01KHPX62GKQ1DA84,,standard,"{""az"":""Oyun səviyyələri"",""en"":"""",""ru"":""""}","{""az"":""Oyun səviyyələri"",""en"":"""",""ru"":""""}"
01KHPX62GK3SDAX9,2024-03-06 19:13:32.534046+00,,true,,01KHPX62GKS0Q7GH,,standard,"{""az"":""Kitablar"",""en"":"""",""ru"":""""}","{""az"":""Kitablar"",""en"":"""",""ru"":""""}"
01KHPX62GK40Z5SJ,2025-11-17 16:09:09.387304+00,,true,,01KHPX62GKNQY83N,,standard,"{""az"":""Test atl"",""en"":"""",""ru"":""""}","{""az"":""sssd"",""en"":"""",""ru"":""""}"
01KHPX62GK441ZFC,2025-11-18 17:27:47.806954+00,,true,,01KHPX62GK2YYRXC,,standard,"{""az"":""Test alt"",""en"":"""",""ru"":""""}","{""az"":""sssddttdddfff"",""en"":"""",""ru"":""""}"
01KHPX62GK472KTK,2024-03-06 19:51:48.091576+00,,true,,01KHPX62GKQ1DA84,,standard,"{""az"":""Broşur veb saytı"",""en"":"""",""ru"":""""}","{""az"":""Broşur veb saytı"",""en"":"""",""ru"":""""}"
01KHPX62GK49FHB3,2024-03-01 21:07:18.456019+00,2025-11-03 13:23:41.742+00,true,30340e9e-c4f3-4253-8b07-746bdfde8944.webp,,,standard,"{""az"":""Mağaza və Şirkətlər"",""en"":"""",""ru"":""""}","{""az"":""Mağaza və Şirkətlər"",""en"":"""",""ru"":""""}"
01KHPX62GK4CSF9Y,2024-03-20 19:53:04.584483+00,,true,,01KHPX62GMNDDGF6,,standard,"{""az"":""Hamiləlik geyimləri"",""en"":"""",""ru"":""""}","{""az"":""Hamiləlik geyimləri\n"",""en"":"""",""ru"":""""}"
01KHPX62GK58P4VP,2024-03-06 19:17:10.482432+00,,true,,01KHPX62GKS0Q7GH,,standard,"{""az"":""Qəzetlər və Jurnallar"",""en"":"""",""ru"":""""}","{""az"":""Qəzetlər və Jurnallar"",""en"":"""",""ru"":""""}"
01KHPX62GK5E67NT,2024-03-01 21:06:40.614917+00,2025-11-03 13:22:42.767+00,true,92f4ce5c-e5f0-4a51-a4a3-dcdbc28a9742.webp,,,standard,"{""az"":""Müxtəlif"",""en"":"""",""ru"":""""}","{""az"":""Müxtəlif"",""en"":"""",""ru"":""""}"
01KHPX62GK5JMAVR,2024-03-06 19:59:10.328041+00,,true,,01KHPX62GKHHTW8J,,standard,"{""az"":""İş elanları"",""en"":"""",""ru"":""""}","{""az"":""İş elanları"",""en"":"""",""ru"":""""}"
01KHPX62GK5Q7MSH,2024-03-06 19:49:34.225474+00,,true,,01KHPX62GKQ1DA84,,standard,"{""az"":""Portfel ver saytı"",""en"":"""",""ru"":""""}","{""az"":""Portfel ver saytı"",""en"":"""",""ru"":""""}"
01KHPX62GK63RAYH,2024-03-06 20:22:48.973115+00,,true,,01KHPX62GKFNNXGW,,standard,"{""az"":""Foto aləmi"",""en"":"""",""ru"":""""}","{""az"":""Foto aləmi"",""en"":"""",""ru"":""""}"
01KHPX62GK6C8E04,2024-03-07 19:20:08.640199+00,,true,,01KHPX62GKNYGMZE,,standard,"{""az"":""Rabitə xidmətləri"",""en"":"""",""ru"":""""}","{""az"":""Rabitə xidmətləri"",""en"":"""",""ru"":""""}"
01KHPX62GK6JJQBF,2024-03-06 20:14:48.340054+00,,true,,01KHPX62GK92D5C8,,standard,"{""az"":""Ətirlər"",""en"":"""",""ru"":""""}","{""az"":""Ətirlər"",""en"":"""",""ru"":""""}"
01KHPX62GK6MV8TW,2024-03-06 19:46:04.971232+00,,true,,01KHPX62GKQ1DA84,,standard,"{""az"":""Biznes veb saytı"",""en"":"""",""ru"":""""}","{""az"":""Biznes veb saytı"",""en"":"""",""ru"":""""}"
01KHPX62GK6N5N14,2024-03-07 19:21:09.26848+00,,true,,01KHPX62GKNYGMZE,,standard,"{""az"":""Kompyuter xidmətləri"",""en"":"""",""ru"":""""}","{""az"":""Kompyuter xidmətləri"",""en"":"""",""ru"":""""}"
01KHPX62GK72J58A,2024-03-06 19:54:58.41722+00,,true,,01KHPX62GKQ1DA84,,standard,"{""az"":""Veb portal"",""en"":"""",""ru"":""""}","{""az"":""Veb portal"",""en"":"""",""ru"":""""}"
01KHPX62GK7480AV,2024-03-07 19:28:39.758386+00,,true,,01KHPX62GKNYGMZE,,standard,"{""az"":""Müalicəvi masaj xidmətləri"",""en"":"""",""ru"":""""}","{""az"":""Müalicəvi masaj xidmətləri"",""en"":"""",""ru"":""""}"
01KHPX62GK7N1ZXV,2024-03-06 20:11:42.477561+00,,true,,01KHPX62GK92D5C8,,standard,"{""az"":""Gözəllik"",""en"":"""",""ru"":""""}","{""az"":""Gözəllik"",""en"":"""",""ru"":""""}"
01KHPX62GK7R1KJJ,2024-03-07 19:21:27.428538+00,,true,,01KHPX62GKNYGMZE,,standard,"{""az"":""Qida və Kayterniq"",""en"":"""",""ru"":""""}","{""az"":""Qida və Kayterniq"",""en"":"""",""ru"":""""}"
01KHPX62GK7S4RZ7,2024-03-06 20:12:27.193538+00,,true,,01KHPX62GK92D5C8,,standard,"{""az"":""Bədənə qulluq"",""en"":"""",""ru"":""""}","{""az"":""Bədənə qulluq"",""en"":"""",""ru"":""""}"
01KHPX62GK7VM447,2024-01-15 16:09:48+00,2025-11-03 13:46:20.458+00,true,843834c4-7c15-4780-b593-6e84239c4466.webp,,,standard,"{""az"":""Daşınmaz əmlak"",""en"":"""",""ru"":""""}","{""az"":""Daşınmaz əmlak"",""en"":"""",""ru"":""""}"
01KHPX62GK80SFH6,2024-03-06 20:05:27.501966+00,,true,,01KHPX62GKV8E17W,,standard,"{""az"":""Alətlər"",""en"":"""",""ru"":""""}","{""az"":""Alətlər"",""en"":"""",""ru"":""""}"
01KHPX62GK8307B0,2024-03-07 19:27:59.722893+00,,true,,01KHPX62GKNYGMZE,,standard,"{""az"":""İnternet xidmətləri"",""en"":"""",""ru"":""""}","{""az"":""İnternet xidmətləri"",""en"":"""",""ru"":""""}"
01KHPX62GK89CT0T,2024-03-06 20:03:22.032114+00,,true,,01KHPX62GKV8E17W,,standard,"{""az"":""Saatlar"",""en"":"""",""ru"":""""}","{""az"":""Saatlar"",""en"":"""",""ru"":""""}"
01KHPX62GK8GSA1N,2024-03-07 19:18:08.172665+00,,true,,01KHPX62GKNYGMZE,,standard,"{""az"":""İT xidmətlər"",""en"":"""",""ru"":""""}","{""az"":""İT xidmətlər"",""en"":"""",""ru"":""""}"
01KHPX62GK8HEP0S,2024-04-29 06:41:44.797107+00,2025-11-03 13:27:25.265+00,true,144ee094-cc98-496a-aa6d-c65983c93714.webp,,,digital,"{""az"":""Nomreler"",""en"":"""",""ru"":""""}","{""az"":""Nomreler"",""en"":"""",""ru"":""""}"
01KHPX62GK8T0CCN,2024-03-07 19:18:51.797541+00,,true,,01KHPX62GKNYGMZE,,standard,"{""az"":""Mühasibatlıq xidmətləri"",""en"":"""",""ru"":""""}","{""az"":""Mühasibatlıq xidmətləri"",""en"":"""",""ru"":""""}"
01KHPX62GK8TQ8TV,2024-03-06 20:30:37.951821+00,,true,,01KHPX62GKEV52TP,,standard,"{""az"":""Süd məhsulları"",""en"":"""",""ru"":""""}","{""az"":""Süd məhsulları"",""en"":"""",""ru"":""""}"
01KHPX62GK8XBJ7Y,2025-05-24 18:20:52.633481+00,2025-05-24 18:23:29.191329+00,true,,01KHPX62GK8XBJ7Y,,standard,"{""az"":""Test"",""en"":"""",""ru"":""""}","{""az"":""test"",""en"":"""",""ru"":""""}"
01KHPX62GK8YK090,2024-03-01 21:08:17.397926+00,2025-11-03 13:24:47.624+00,true,fdc0d2c1-1234-41a5-b235-8826de076fd6.webp,,,standard,"{""az"":""İdman və Əyləncə"",""en"":"""",""ru"":""""}","{""az"":""İdman və Əyləncə"",""en"":"""",""ru"":""""}"
01KHPX62GK92D5C8,2024-03-01 21:17:31.522269+00,2025-11-03 13:18:28.654+00,true,61c9e170-5062-4e3c-8779-a3b9cf17c530.webp,,,standard,"{""az"":""Gözəllik və sağlamlıq"",""en"":"""",""ru"":""""}","{""az"":""Gözəllik və sağlamlıq"",""en"":"""",""ru"":""""}"
01KHPX62GK9809PJ,2024-03-20 19:53:54.996727+00,,true,,01KHPX62GMNDDGF6,,standard,"{""az"":""Süd və qida qabları"",""en"":"""",""ru"":""""}","{""az"":""Süd və qida qabları\n\n\n\n"",""en"":"""",""ru"":""""}"
01KHPX62GK9JG7YT,2024-03-06 19:42:02.781833+00,,true,,01KHPX62GKQ1DA84,,standard,"{""az"":""Facebook səhifəsi"",""en"":"""",""ru"":""""}","{""az"":""Facebook səhifəsi"",""en"":"""",""ru"":""""}"
01KHPX62GK9JQ740,2025-05-20 09:54:49.778285+00,2025-05-20 09:55:47.342867+00,true,,01KHPX62GK9JQ740,,standard,"{""az"":""test"",""en"":"""",""ru"":""""}","{""az"":""test"",""en"":"""",""ru"":""""}"
01KHPX62GKA2M8CR,2024-03-07 19:26:00.48247+00,,true,,01KHPX62GKNYGMZE,,standard,"{""az"":""Dəfn mərasimlərinin təşkili"",""en"":"""",""ru"":""""}","{""az"":""Dəfn mərasimlərinin təşkili"",""en"":"""",""ru"":""""}"
01KHPX62GKA93NT0,2024-03-06 20:26:52.60668+00,,true,,01KHPX62GKEV52TP,,standard,"{""az"":""Hobbi və Kulinariya"",""en"":"""",""ru"":""""}","{""az"":""Hobbi və Kulinariya"",""en"":"""",""ru"":""""}"
01KHPX62GKAC0KPV,2024-03-07 19:25:36.738045+00,,true,,01KHPX62GKNYGMZE,,standard,"{""az"":""Kommunal xidmətləri"",""en"":"""",""ru"":""""}","{""az"":""Kommunal xidmətləri"",""en"":"""",""ru"":""""}"
01KHPX62GKAM1F4R,2024-03-07 19:26:35.10284+00,,true,,01KHPX62GKNYGMZE,,standard,"{""az"":""Tərcümə xidmətləri"",""en"":"""",""ru"":""""}","{""az"":""Tərcümə xidmətləri"",""en"":"""",""ru"":""""}"
01KHPX62GKB35ZDJ,2024-03-06 20:14:28.96441+00,,true,,01KHPX62GK92D5C8,,standard,"{""az"":""Kişilər üçün"",""en"":"""",""ru"":""""}","{""az"":""Kişilər üçün"",""en"":"""",""ru"":""""}"
01KHPX62GKBYB4AN,2024-03-06 20:20:57.345842+00,,true,,01KHPX62GKFNNXGW,,standard,"{""az"":""Musiqi aləmi"",""en"":"""",""ru"":""""}","{""az"":""Musiqi aləmi"",""en"":"""",""ru"":""""}"
01KHPX62GKBZFKTX,2024-03-06 19:44:14.999839+00,,true,,01KHPX62GKQ1DA84,,standard,"{""az"":""Əyləncə veb saytı"",""en"":"""",""ru"":""""}","{""az"":""Əyləncə veb saytı"",""en"":"""",""ru"":""""}"
01KHPX62GKC1NXBG,2024-03-07 19:24:55.951145+00,,true,,01KHPX62GKNYGMZE,,standard,"{""az"":""Avtomobil xidmətləri"",""en"":"""",""ru"":""""}","{""az"":""Avtomobil xidmətləri"",""en"":"""",""ru"":""""}"
01KHPX62GKC37JW2,2025-05-20 09:02:07.802193+00,2025-05-20 09:04:17.035741+00,true,,01KHPX62GKC37JW2,,standard,"{""az"":""test"",""en"":"""",""ru"":""""}","{""az"":""test"",""en"":"""",""ru"":""""}"
01KHPX62GKCHJ96M,2024-03-07 19:25:21.053493+00,,true,,01KHPX62GKNYGMZE,,standard,"{""az"":""Məişət xidmətləri"",""en"":"""",""ru"":""""}","{""az"":""Məişət xidmətləri"",""en"":"""",""ru"":""""}"
01KHPX62GKDT1WKT,2024-03-06 20:30:15.27924+00,,true,,01KHPX62GKEV52TP,,standard,"{""az"":""Təmizləyici və Yuyucu vasitələr"",""en"":"""",""ru"":""""}","{""az"":""Təmizləyici və Yuyucu vasitələr"",""en"":"""",""ru"":""""}"
01KHPX62GKDV7R2J,2024-03-06 20:29:53.130924+00,,true,,01KHPX62GKEV52TP,,standard,"{""az"":""İçkilər"",""en"":"""",""ru"":""""}","{""az"":""İçkilər"",""en"":"""",""ru"":""""}"
01KHPX62GKEBECRM,2024-04-29 19:21:34.602357+00,2025-11-03 13:27:49.076+00,true,d3a05dc8-8e6f-41fa-9ae0-25b7c5e42129.webp,,,digital,"{""az"":""Domenlər"",""en"":""Domains"",""ru"":""Домены""}","{""az"":""Domenlər"",""en"":""Domains"",""ru"":""Домены""}"
01KHPX62GKETSNBZ,2024-03-01 21:02:04.736576+00,2025-11-03 13:22:11.333+00,true,f32cfd4b-6901-43fa-8c4f-790be6277bb9.webp,,,standard,"{""az"":""Elektronika"",""en"":"""",""ru"":""""}","{""az"":""Elektronika"",""en"":"""",""ru"":""""}"
01KHPX62GKEV52TP,2024-03-01 21:18:35.302923+00,2025-11-03 13:19:37.537+00,true,e70d5a94-4a31-4c6b-a74e-acb24e82af03.webp,,,standard,"{""az"":""Onlayn supermarket"",""en"":"""",""ru"":""""}","{""az"":""Onlayn supermarket"",""en"":"""",""ru"":""""}"
01KHPX62GKEX118R,2024-03-07 19:49:50.936273+00,,true,,01KHPX62GKNSE8JP,,standard,"{""az"":""Uşaq geyimləri"",""en"":"""",""ru"":""""}","{""az"":""Uşaq geyimləri"",""en"":"""",""ru"":""""}"
01KHPX62GKEY3ZFF,2024-03-07 19:20:25.806574+00,,true,,01KHPX62GKNYGMZE,,standard,"{""az"":""Gözəllik və sağlamlıq"",""en"":"""",""ru"":""""}","{""az"":""Gözəllik və sağlamlıq"",""en"":"""",""ru"":""""}"
01KHPX62GKF15TBH,2024-03-07 19:22:57.285028+00,,true,,01KHPX62GKNYGMZE,,standard,"{""az"":""Müşahidə sisteminin qurulması"",""en"":"""",""ru"":""""}","{""az"":""Müşahidə sisteminin qurulması"",""en"":"""",""ru"":""""}"
01KHPX62GKFNNXGW,2024-03-01 21:18:06.825672+00,2025-11-03 13:19:07.658+00,true,013e74f2-7eaa-47a3-aeec-31e8de19eb31.webp,,,standard,"{""az"":""İncəsənət"",""en"":"""",""ru"":""""}","{""az"":""İncəsənət"",""en"":"""",""ru"":""""}"
01KHPX62GKFWNBDC,2024-03-06 19:59:50.199685+00,,true,,01KHPX62GKHHTW8J,,standard,"{""az"":""Ustalar"",""en"":"""",""ru"":""""}","{""az"":""Ustalar"",""en"":"""",""ru"":""""}"
01KHPX62GKG5WX7Z,2024-03-06 20:34:58.783054+00,,true,,01KHPX62GKEV52TP,,standard,"{""az"":""Hazır yeməklər və Salatlar"",""en"":"""",""ru"":""""}","{""az"":""Hazır yeməklər və Salatlar"",""en"":"""",""ru"":""""}"
01KHPX62GKGWA5K7,2024-03-06 20:07:29.491573+00,,true,,01KHPX62GKV8E17W,,standard,"{""az"":""Kolleksiyalar"",""en"":"""",""ru"":""""}","{""az"":""Kolleksiyalar"",""en"":"""",""ru"":""""}"
01KHPX62GKGX3BSS,2024-01-15 16:08:55+00,2025-11-03 13:21:29.631+00,true,29058435-909b-4d42-b018-86e8e1af1ff6.webp,,,standard,"{""az"":""Nəqliyyat"",""en"":"""",""ru"":""""}","{""az"":""Nəqliyyat"",""en"":"""",""ru"":""""}"
01KHPX62GKHHTW8J,2024-03-01 21:13:38.328577+00,2025-11-03 13:16:37.835+00,true,84b76f6c-4d6a-4b5a-8aa5-80707957f0f1.webp,,,standard,"{""az"":""İş və Biznes , Ustalar"",""en"":"""",""ru"":""""}","{""az"":""İş və Biznes , Ustalar"",""en"":"""",""ru"":""""}"
01KHPX62GKHWRMSG,2024-03-07 19:19:30.978424+00,,true,,01KHPX62GKNYGMZE,,standard,"{""az"":""Dayə xidmətləri"",""en"":"""",""ru"":""""}","{""az"":""Dayə xidmətləri"",""en"":"""",""ru"":""""}"
01KHPX62GKJ61343,2024-03-07 19:22:30.69063+00,,true,,01KHPX62GKNYGMZE,,standard,"{""az"":""Sığorta xidmətləri"",""en"":"""",""ru"":""""}","{""az"":""Sığorta xidmətləri"",""en"":"""",""ru"":""""}"
01KHPX62GKJT6T7F,2024-03-06 20:26:16.277356+00,,true,,01KHPX62GKEV52TP,,standard,"{""az"":""Ərzaq məhsulları"",""en"":"""",""ru"":""""}","{""az"":""Ərzaq məhsulları"",""en"":"""",""ru"":""""}"
01KHPX62GKJWQXBP,2024-04-29 20:14:56.877535+00,2025-11-03 13:48:30.986+00,true,a3700f5a-5d61-41a0-a505-0d5c26007e40.webp,,,digital,"{""az"":""Avto qeydiyyat nişanları"",""en"":"""",""ru"":""""}","{""az"":""Avto qeydiyyat nişanları"",""en"":"""",""ru"":""""}"
01KHPX62GKJXZJ7V,2025-11-17 09:35:54.76181+00,2025-11-17 09:38:55.314+00,true,,01KHPX62GKJXZJ7V,,standard,"{""az"":""Test 1"",""en"":"""",""ru"":""""}","{""az"":""aaa"",""en"":"""",""ru"":""""}"
01KHPX62GKK9QAVK,2024-03-06 20:06:12.572078+00,,true,,01KHPX62GKV8E17W,,standard,"{""az"":""Hədiyyəlik sifariş məhsulları"",""en"":"""",""ru"":""""}","{""az"":""Hədiyyəlik sifariş məhsulları"",""en"":"""",""ru"":""""}"
01KHPX62GKKPWBPZ,2024-03-06 20:21:39.51407+00,,true,,01KHPX62GKFNNXGW,,standard,"{""az"":""Heykəltəraşlıq aləmi"",""en"":"""",""ru"":""""}","{""az"":""Heykəltəraşlıq aləmi"",""en"":"""",""ru"":""""}"
01KHPX62GKKSB1QG,2024-03-07 19:26:18.278378+00,,true,,01KHPX62GKNYGMZE,,standard,"{""az"":""Foto və video xidmətləri"",""en"":"""",""ru"":""""}","{""az"":""Foto və video xidmətləri"",""en"":"""",""ru"":""""}"
01KHPX62GKM6GDXC,2024-03-06 19:53:05.164952+00,,true,,01KHPX62GKQ1DA84,,standard,"{""az"":""Qeyri-kommersiya veb saytı"",""en"":"""",""ru"":""""}","{""az"":""Qeyri-kommersiya veb saytı"",""en"":"""",""ru"":""""}"
01KHPX62GKMH2T2D,2024-03-07 19:19:09.562418+00,,true,,01KHPX62GKNYGMZE,,standard,"{""az"":""Avadanlıqların icarəsi"",""en"":"""",""ru"":""""}","{""az"":""Avadanlıqların icarəsi"",""en"":"""",""ru"":""""}"
01KHPX62GKMNKH4W,2024-03-06 19:50:30.778177+00,,true,,01KHPX62GKQ1DA84,,standard,"{""az"":""Media veb saytı"",""en"":"""",""ru"":""""}","{""az"":""Media veb saytı"",""en"":"""",""ru"":""""}"
01KHPX62GKN9AEED,2024-03-01 21:10:06.29554+00,2025-11-03 13:26:27.382+00,true,63d9c392-68a9-42f2-9001-7eac75e1dc96.webp,,,standard,"{""az"":""Heyvanlar"",""en"":"""",""ru"":""""}","{""az"":""Heyvanlar"",""en"":"""",""ru"":""""}"
01KHPX62GKNGXP6J,2024-01-28 13:52:57.568979+00,2025-11-03 13:20:49.334+00,true,108b1440-ed4c-42dc-9be1-7e97e851e381.webp,,,standard,"{""az"":""Məkanlar"",""en"":"""",""ru"":""""}","{""az"":""Məkanlar"",""en"":"""",""ru"":""""}"
01KHPX62GKNJKK2S,2025-05-20 08:22:25.610198+00,2025-05-20 08:33:37.520841+00,true,,01KHPX62GKNJKK2S,,standard,"{""az"":""Test kategoriya"",""en"":"""",""ru"":""""}","{""az"":""test"",""en"":"""",""ru"":""""}"
01KHPX62GKNK5H1Q,2024-03-06 20:25:46.530285+00,,true,,01KHPX62GKEV52TP,,standard,"{""az"":""Ət məhsulları"",""en"":"""",""ru"":""""}","{""az"":""Ət məhsulları"",""en"":"""",""ru"":""""}"
01KHPX62GKNQY83N,2025-11-17 16:07:57.231213+00,2025-11-17 16:09:31.69+00,true,,01KHPX62GKNQY83N,,standard,"{""az"":""Test"",""en"":"""",""ru"":""""}","{""az"":""sssd"",""en"":"""",""ru"":""""}"
01KHPX62GKNSE8JP,2024-01-15 16:10:22+00,2025-11-03 13:12:45.611+00,true,e8435f96-21b2-4cab-9330-3abc956ad38c.webp,,,standard,"{""az"":""Analar və Uşaqlar"",""en"":"""",""ru"":""""}","{""az"":""Analar və Uşaqlar"",""en"":"""",""ru"":""""}"
01KHPX62GKNVBYH4,2024-03-20 19:54:17.847719+00,,true,,01KHPX62GMNDDGF6,,standard,"{""az"":""Digər"",""en"":"""",""ru"":""""}","{""az"":""Digər\n\n\n\n\n"",""en"":"""",""ru"":""""}"
01KHPX62GKNXP8R5,2024-03-06 20:34:00.060316+00,,true,,01KHPX62GKEV52TP,,standard,"{""az"":""Banka məhsulları və Konservlər"",""en"":"""",""ru"":""""}","{""az"":""Banka məhsulları və Konservlər"",""en"":"""",""ru"":""""}"
01KHPX62GKNYGMZE,2024-01-15 16:13:17+00,2025-11-03 13:20:07.11+00,true,65a839b4-302f-45f4-80f2-e2737230c9f2.webp,,,standard,"{""az"":""Xidmətlər"",""en"":"""",""ru"":""""}","{""az"":""Xidmətlər"",""en"":"""",""ru"":""""}"
01KHPX62GKPVB8YB,2024-03-06 20:07:12.230019+00,,true,,01KHPX62GKV8E17W,,standard,"{""az"":""Antik əşyalar"",""en"":"""",""ru"":""""}","{""az"":""Antik əşyalar"",""en"":"""",""ru"":""""}"
01KHPX62GKPVTQCF,2024-03-06 20:21:20.723427+00,,true,,01KHPX62GKFNNXGW,,standard,"{""az"":""Rəssamlıq aləmi"",""en"":"""",""ru"":""""}","{""az"":""Rəssamlıq aləmi"",""en"":"""",""ru"":""""}"
01KHPX62GKQ1DA84,2024-03-01 21:12:33.430458+00,2025-11-03 13:14:56.385+00,true,d91976b7-d520-4023-a628-f4dfb7d57c36.webp,,,standard,"{""az"":""Saytlar və Səhifələr"",""en"":"""",""ru"":""""}","{""az"":""Saytlar və Səhifələr"",""en"":"""",""ru"":""""}"
01KHPX62GKQ3KG3D,2024-03-06 20:31:18.97435+00,,true,,01KHPX62GKEV52TP,,standard,"{""az"":""Un məmulatları və Şirniyyatlar"",""en"":"""",""ru"":""""}","{""az"":""Un məmulatları və Şirniyyatlar"",""en"":"""",""ru"":""""}"
01KHPX62GKQ42KHP,2024-02-18 19:25:45+00,2024-02-18 19:25:47+00,true,avto-ehtiyyat-hisseleri.png,01KHPX62GKV8E17W,,standard,"{""az"":""Geyim, Forma və Ayaqqabılar"",""en"":"""",""ru"":""""}","{""az"":""Geyim, Forma və Ayaqqabılar"",""en"":"""",""ru"":""""}"
01KHPX62GKR0ZSN6,2024-03-07 19:20:51.608353+00,,true,,01KHPX62GKNYGMZE,,standard,"{""az"":""İncəsənət xidmət sferaları"",""en"":"""",""ru"":""""}","{""az"":""İncəsənət xidmət sferaları"",""en"":"""",""ru"":""""}"
01KHPX62GKR7B1QW,2024-03-06 20:03:48.994525+00,,true,,01KHPX62GKV8E17W,,standard,"{""az"":""Zərgərlik və aksesuarlar"",""en"":"""",""ru"":""""}","{""az"":""Zərgərlik və aksesuarlar"",""en"":"""",""ru"":""""}"
01KHPX62GKRMY38E,2024-03-07 19:17:35.921601+00,,true,,01KHPX62GKNYGMZE,,standard,"{""az"":""Biznes xidmətləri"",""en"":"""",""ru"":""""}","{""az"":""Biznes xidmətləri"",""en"":"""",""ru"":""""}"
01KHPX62GKRNKNFK,2024-03-07 19:21:52.537926+00,,true,,01KHPX62GKNYGMZE,,standard,"{""az"":""Reklam və Dizayn"",""en"":"""",""ru"":""""}","{""az"":""Reklam və Dizayn"",""en"":"""",""ru"":""""}"
01KHPX62GKRY3DX4,2024-03-06 20:22:06.591079+00,,true,,01KHPX62GK92D5C8,,standard,"{""az"":""Rəqs aləmi"",""en"":"""",""ru"":""""}","{""az"":""Rəqs aləmi"",""en"":"""",""ru"":""""}"
01KHPX62GKS0Q7GH,2024-03-01 21:10:00.258266+00,2025-11-03 13:14:01.877+00,true,b7e1b743-4585-434d-bdc9-64ee7360552d.webp,,,standard,"{""az"":""Təhsil və Elm"",""en"":""Study & science"",""ru"":""Образование и Наука""}","{""az"":""Təhsil və Elm"",""en"":""Study & science"",""ru"":""Образование и Наука""}"
01KHPX62GKS14YFC,2024-03-06 19:14:27.025563+00,,true,,01KHPX62GKS0Q7GH,,standard,"{""az"":""Məktəbli ləvazimatları"",""en"":"""",""ru"":""""}","{""az"":""Məktəbli ləvazimatları"",""en"":"""",""ru"":""""}"
01KHPX62GKSSWG9R,2024-02-18 19:04:06+00,2024-02-18 19:04:09+00,true,bina.png,01KHPX62GK7VM447,,standard,"{""az"":""Bina evleri"",""en"":"""",""ru"":""""}","{""az"":""bina evleri"",""en"":"""",""ru"":""""}"
01KHPX62GKSV129B,2024-03-07 19:24:22.562075+00,,true,,01KHPX62GKNYGMZE,,standard,"{""az"":""Yığıncaq və Banketlərin təşkili"",""en"":"""",""ru"":""""}","{""az"":""Yığıncaq və Banketlərin təşkili"",""en"":"""",""ru"":""""}"
01KHPX62GKSZ64E4,2024-03-06 20:32:52.167854+00,,true,,01KHPX62GKEV52TP,,standard,"{""az"":""Dietik və diabetik məhsullar"",""en"":"""",""ru"":""""}","{""az"":""Dietik və diabetik məhsullar"",""en"":"""",""ru"":""""}"
01KHPX62GKT9HERK,2024-03-07 19:29:36.85229+00,,true,,01KHPX62GKNYGMZE,,standard,"{""az"":""Evakuator xidmətləri"",""en"":"""",""ru"":""""}","{""az"":""Evakuator xidmətləri"",""en"":"""",""ru"":""""}"
01KHPX62GKTR1X2E,2024-03-06 19:55:18.308983+00,,true,,01KHPX62GKQ1DA84,,standard,"{""az"":""Wiki və ya İcma Forumu Veb səhifəsi"",""en"":"""",""ru"":""""}","{""az"":""Wiki və ya İcma Forumu Veb səhifəsi"",""en"":"""",""ru"":""""}"
01KHPX62GKTRRDH7,2024-03-07 19:23:39.403366+00,,true,,01KHPX62GKNYGMZE,,standard,"{""az"":""Təmir və tikinti xidmətləri"",""en"":"""",""ru"":""""}","{""az"":""Təmir və tikinti xidmətləri"",""en"":"""",""ru"":""""}"
01KHPX62GKTV7C5H,2024-03-20 19:52:26.034772+00,,true,,01KHPX62GKZ93MKV,,standard,"{""az"":""Digər"",""en"":"""",""ru"":""""}","{""az"":""Digər\n\n\n\n\n\n\n\n\n\n\n\n"",""en"":"""",""ru"":""""}"
01KHPX62GKV808QZ,2024-03-06 20:12:05.392827+00,,true,,01KHPX62GK92D5C8,,standard,"{""az"":""Dəriyə qulluq"",""en"":"""",""ru"":""""}","{""az"":""Dəriyə qulluq"",""en"":"""",""ru"":""""}"
01KHPX62GKV8E17W,2024-01-15 16:11:50+00,2025-11-03 13:17:31.077+00,true,e361ada4-ed74-4a54-bd4f-29ea89733151.webp,,,standard,"{""az"":""Əşyalar"",""en"":"""",""ru"":""""}","{""az"":""Əşyalar"",""en"":"""",""ru"":""""}"
01KHPX62GKVMV9DV,2024-03-07 19:28:59.433575+00,,true,,01KHPX62GKNYGMZE,,standard,"{""az"":""Daşınmaz əmlak xidmətləri"",""en"":"""",""ru"":""""}","{""az"":""Daşınmaz əmlak xidmətləri"",""en"":"""",""ru"":""""}"
01KHPX62GKVRRJM3,2024-03-20 19:53:20.581526+00,,true,,01KHPX62GMNDDGF6,,standard,"{""az"":""Antenatal və doğuşdan sonrakı məhsullar"",""en"":"""",""ru"":""""}","{""az"":""Antenatal və doğuşdan sonrakı məhsullar\n\n"",""en"":"""",""ru"":""""}"
01KHPX62GKW6YFKJ,2024-03-06 19:56:18.255457+00,,true,,01KHPX62GKQ1DA84,,standard,"{""az"":""Proqram Lisenziyaları"",""en"":"""",""ru"":""""}","{""az"":""Proqram Lisenziyaları"",""en"":"""",""ru"":""""}"
01KHPX62GKWAMPRF,2024-03-06 19:42:49.33166+00,,true,,01KHPX62GKQ1DA84,,standard,"{""az"":""İnstagram səhifəsi"",""en"":"""",""ru"":""""}","{""az"":""İnstagram səhifəsi"",""en"":"""",""ru"":""""}"
01KHPX62GKWNJVFQ,2024-03-06 19:58:47.389047+00,,true,,01KHPX62GKHHTW8J,,standard,"{""az"":""Biznes üçün"",""en"":"""",""ru"":""""}","{""az"":""Biznes üçün"",""en"":"""",""ru"":""""}"
01KHPX62GKX8R996,2024-03-01 21:09:00.931072+00,2025-11-03 13:25:53.199+00,true,0e30bc83-43d3-4fa7-89aa-0585b06efc2b.webp,,,standard,"{""az"":""Ev və bağ"",""en"":"""",""ru"":""""}","{""az"":""Ev və bağ"",""en"":"""",""ru"":""""}"
01KHPX62GKXAFP3T,2024-03-06 19:43:31.473763+00,,true,,01KHPX62GKQ1DA84,,standard,"{""az"":""E-ticarət veb saytı"",""en"":"""",""ru"":""""}","{""az"":""E-ticarət veb saytı"",""en"":"""",""ru"":""""}"
01KHPX62GKXGB6DS,2024-03-07 19:18:32.635754+00,,true,,01KHPX62GKNYGMZE,,standard,"{""az"":""Hüquqi xidmətlər"",""en"":"""",""ru"":""""}","{""az"":""Hüquqi xidmətlər"",""en"":"""",""ru"":""""}"
01KHPX62GKXVVEFV,2024-03-06 19:54:29.543855+00,,true,,01KHPX62GKQ1DA84,,standard,"{""az"":""Şəxsi veb sayt"",""en"":"""",""ru"":""""}","{""az"":""Şəxsi veb sayt"",""en"":"""",""ru"":""""}"
01KHPX62GKY1XC3K,2024-03-20 19:53:37.561509+00,,true,,01KHPX62GMNDDGF6,,standard,"{""az"":""Südəmər körpə üçün vasitə və tədarüklər"",""en"":"""",""ru"":""""}","{""az"":""Südəmər körpə üçün vasitə və tədarüklər\n\n\n"",""en"":"""",""ru"":""""}"
01KHPX62GKY24C65,2024-02-18 19:06:07+00,2024-02-18 19:06:09+00,true,mopedler,01KHPX62GKGX3BSS,,standard,"{""az"":""Nəqliyyat Vasitələri"",""en"":"""",""ru"":""""}","{""az"":""Nəqliyyat Vasitələri"",""en"":"""",""ru"":""""}"
01KHPX62GKY9RKW0,2024-03-06 20:05:45.522413+00,,true,,01KHPX62GKV8E17W,,standard,"{""az"":""Baqaj və çantalar"",""en"":"""",""ru"":""""}","{""az"":""Baqaj və çantalar"",""en"":"""",""ru"":""""}"
01KHPX62GKYB08Z1,2024-03-07 19:29:53.822319+00,,true,,01KHPX62GKNYGMZE,,standard,"{""az"":""Təmizlik xidməti"",""en"":"""",""ru"":""""}","{""az"":""Təmizlik xidməti"",""en"":"""",""ru"":""""}"
01KHPX62GKYE74YN,2024-03-06 20:20:35.860563+00,,true,,01KHPX62GKFNNXGW,,standard,"{""az"":""Əl işləri (Bacarıqlı əllər)"",""en"":"""",""ru"":""""}","{""az"":""Əl işləri (Bacarıqlı əllər)"",""en"":"""",""ru"":""""}"
01KHPX62GKYXPJBE,2024-03-07 19:27:00.580506+00,,true,,01KHPX62GKNYGMZE,,standard,"{""az"":""Texnika təmiri xidməti"",""en"":"""",""ru"":""""}","{""az"":""Texnika təmiri xidməti"",""en"":"""",""ru"":""""}"
01KHPX62GKZ93MKV,2024-03-07 19:52:07.557597+00,,true,,01KHPX62GKNSE8JP,,standard,"{""az"":""Oyuncaqlar"",""en"":"""",""ru"":""""}","{""az"":""Oyuncaqlar"",""en"":"""",""ru"":""""}"
01KHPX62GM00D7YY,2024-03-07 20:13:20.319748+00,,true,,01KHPX62GKETSNBZ,,standard,"{""az"":""Kompüter və Ofis"",""en"":"""",""ru"":""""}","{""az"":""Kompüter və Ofis"",""en"":"""",""ru"":""""}"
01KHPX62GM04MTH6,2024-03-14 06:12:59.785234+00,,true,,01KHPX62GJH5VHNM,,standard,"{""az"":""Sintetik pariklər"",""en"":"""",""ru"":""""}","{""az"":""\nSintetik pariklər\n\n"",""en"":"""",""ru"":""""}"
01KHPX62GM04ZB84,2024-03-14 21:00:54.406098+00,,true,,01KHPX62GKB35ZDJ,,standard,"{""az"":""Təraş"",""en"":"""",""ru"":""""}","{""az"":""Təraş\n\n\n"",""en"":"""",""ru"":""""}"
01KHPX62GM0NZ837,2024-03-08 19:02:02.02369+00,,true,,01KHPX62GK5E67NT,,standard,"{""az"":""Təşkilat və İdarələr"",""en"":"""",""ru"":""""}","{""az"":""Təşkilat və İdarələr"",""en"":"""",""ru"":""""}"
01KHPX62GM0PAYRF,2024-03-07 19:57:05.920018+00,,true,,01KHPX62GKGX3BSS,,standard,"{""az"":""Ehtiyyat hissələri və aksesuarlar"",""en"":"""",""ru"":""""}","{""az"":""Ehtiyyat hissələri və aksesuarlar"",""en"":"""",""ru"":""""}"
01KHPX62GM0RSKYV,2024-03-15 19:51:03.974976+00,,true,,01KHPX62GKQ3KG3D,,standard,"{""az"":""Çörəklər"",""en"":"""",""ru"":""""}","{""az"":""Çörəklər\n"",""en"":"""",""ru"":""""}"
01KHPX62GM0SXS16,2024-03-14 20:50:06.977365+00,,true,,01KHPX62GK2JN6MY,,standard,"{""az"":""Tibbi cihazlar"",""en"":"""",""ru"":""""}","{""az"":""Tibbi cihazlar\n\n"",""en"":"""",""ru"":""""}"
01KHPX62GM14PB90,2024-03-15 19:46:29.633705+00,,true,,01KHPX62GK8TQ8TV,,standard,"{""az"":""Dovğa"",""en"":"""",""ru"":""""}","{""az"":""Dovğa\n\n\n\n\n\n"",""en"":"""",""ru"":""""}"
01KHPX62GM1A00GR,2024-03-15 19:51:42.571892+00,,true,,01KHPX62GKQ3KG3D,,standard,"{""az"":""Konfetlər"",""en"":"""",""ru"":""""}","{""az"":""Konfetlər\n\n\n"",""en"":"""",""ru"":""""}"
01KHPX62GM1EW0HJ,2024-03-14 06:06:30.059567+00,,true,,01KHPX62GMMHR709,,standard,"{""az"":""Körpə məhsulları"",""en"":"""",""ru"":""""}","{""az"":""Körpə məhsulları\n\n"",""en"":"""",""ru"":""""}"
01KHPX62GM1HVCPH,2024-03-06 19:16:25.460353+00,,true,,01KHPX62GKS0Q7GH,,standard,"{""az"":""Uşaqlar və Təhsil"",""en"":"""",""ru"":""""}","{""az"":""Uşaqlar və Təhsil"",""en"":"""",""ru"":""""}"
01KHPX62GM1M3YGG,2024-03-18 20:24:44.222163+00,,true,,01KHPX62GK89CT0T,,standard,"{""az"":""Cib və Asqı saatlar"",""en"":"""",""ru"":""""}","{""az"":""Cib və Asqı saatlar\n"",""en"":"""",""ru"":""""}"
01KHPX62GM1PT0J2,2024-03-15 19:37:18.024912+00,,true,,01KHPX62GK8TQ8TV,,standard,"{""az"":""Qaymaq"",""en"":"""",""ru"":""""}","{""az"":""Qaymaq\n\n\n\n\n"",""en"":"""",""ru"":""""}"
01KHPX62GM215209,2024-03-08 18:52:54.619972+00,,true,,01KHPX62GKNGXP6J,,standard,"{""az"":""Poliqrafiya və Nəşriyyat mərkəzləri"",""en"":"""",""ru"":""""}","{""az"":""Poliqrafiya və Nəşriyyat mərkəzləri"",""en"":"""",""ru"":""""}"
01KHPX62GM2AFM2H,2024-03-12 20:03:59.804433+00,,true,,01KHPX62GMJ7R3MJ,,standard,"{""az"":""Sürücülük kursları"",""en"":"""",""ru"":""""}","{""az"":""Sürücülük kursları\n"",""en"":"""",""ru"":""""}"
01KHPX62GM2BZPWP,2024-03-07 20:07:02.927806+00,,true,,01KHPX62GK7VM447,,standard,"{""az"":""Torpaqlar və Sahələr"",""en"":"""",""ru"":""""}","{""az"":""Torpaqlar və Sahələr"",""en"":"""",""ru"":""""}"
01KHPX62GM2CQ6B3,2024-03-14 20:53:26.345601+00,,true,,01KHPX62GMF310S2,,standard,"{""az"":""Dırnaqlar üçün gellər"",""en"":"""",""ru"":""""}","{""az"":""Dırnaqlar üçün gellər\n"",""en"":"""",""ru"":""""}"
01KHPX62GM2FDW1C,2024-03-08 18:47:53.30139+00,,true,,01KHPX62GKNGXP6J,,standard,"{""az"":""Xaricdə təhsil və Hazırlıq mərkəzləri"",""en"":"""",""ru"":""""}","{""az"":""Xaricdə təhsil və Hazırlıq mərkəzləri"",""en"":"""",""ru"":""""}"
01KHPX62GM2FNN3E,2024-03-14 21:01:28.43928+00,,true,,01KHPX62GKB35ZDJ,,standard,"{""az"":""Digər"",""en"":"""",""ru"":""""}","{""az"":""Digər\n\n\n\n\n"",""en"":"""",""ru"":""""}"
01KHPX62GM2WPXYM,2024-03-14 20:41:19.842519+00,,true,,01KHPX62GK7N1ZXV,,standard,"{""az"":""Makiyaj"",""en"":"""",""ru"":""""}","{""az"":""Makiyaj\n"",""en"":"""",""ru"":""""}"
01KHPX62GM2ZEHB2,2024-03-18 20:33:17.613955+00,,true,,01KHPX62GKR7B1QW,,standard,"{""az"":""Zərgərlik dəstləri"",""en"":"""",""ru"":""""}","{""az"":""Zərgərlik dəstləri\n\n\n\n"",""en"":"""",""ru"":""""}"
01KHPX62GM35JB58,2024-03-08 18:46:58.229202+00,,true,,01KHPX62GKNGXP6J,,standard,"{""az"":""Əyləncə mərkəzləri"",""en"":"""",""ru"":""""}","{""az"":""Əyləncə mərkəzləri"",""en"":"""",""ru"":""""}"
01KHPX62GM37H1AJ,2024-03-16 20:36:10.74402+00,,true,,01KHPX62GMS14PAB,,standard,"{""az"":""Fitnes mərkəzləri"",""en"":"""",""ru"":""""}","{""az"":""Fitnes mərkəzləri\n\n"",""en"":"""",""ru"":""""}"
01KHPX62GM3CS9JC,2024-03-08 18:53:34.548821+00,,true,,01KHPX62GKNGXP6J,,standard,"{""az"":""Apteklər"",""en"":"""",""ru"":""""}","{""az"":""Apteklər"",""en"":"""",""ru"":""""}"
01KHPX62GM3CXZ5C,2024-03-08 19:16:35.189446+00,,true,,01KHPX62GKN9AEED,,standard,"{""az"":""Heyvandarlıq"",""en"":"""",""ru"":""""}","{""az"":""Heyvandarlıq"",""en"":"""",""ru"":""""}"
01KHPX62GM3H98A3,2024-03-18 20:33:00.162196+00,,true,,01KHPX62GKR7B1QW,,standard,"{""az"":""Bilərziklər"",""en"":"""",""ru"":""""}","{""az"":""Bilərziklər\n\n\n"",""en"":"""",""ru"":""""}"
01KHPX62GM3RFQXG,2024-03-14 06:05:27.48809+00,,true,,01KHPX62GMMHR709,,standard,"{""az"":""Məişət cihazları və elektronika"",""en"":"""",""ru"":""""}","{""az"":""Məişət cihazları və elektronika\n"",""en"":"""",""ru"":""""}"
01KHPX62GM3VQ382,2024-03-15 19:25:00.827187+00,,true,,01KHPX62GKDV7R2J,,standard,"{""az"":""Soyuq çaylar"",""en"":"""",""ru"":""""}","{""az"":""Soyuq çaylar\n"",""en"":"""",""ru"":""""}"
01KHPX62GM44Q1MK,2024-03-12 19:33:33.472377+00,,true,,01KHPX62GK3SDAX9,,standard,"{""az"":""Sağlamlıq və Fitness "",""en"":"""",""ru"":""""}","{""az"":""Sağlamlıq və Fitness \n\n\n"",""en"":"""",""ru"":""""}"
01KHPX62GM4N3MVH,2024-03-12 20:00:13.479454+00,,true,,01KHPX62GMJ7R3MJ,,standard,"{""az"":""Ədəbiyyat kursu"",""en"":"""",""ru"":""""}","{""az"":""Ədəbiyyat kursu\n"",""en"":"""",""ru"":""""}"
01KHPX62GM4P6P8K,2024-03-14 06:07:13.657942+00,,true,,01KHPX62GMMHR709,,standard,"{""az"":""Heyvanlar"",""en"":"""",""ru"":""""}","{""az"":""Heyvanlar\n\n\n"",""en"":"""",""ru"":""""}"
01KHPX62GM552EZ5,2024-03-15 19:57:51.801912+00,,true,,01KHPX62GKNXP8R5,,standard,"{""az"":""Arıçılıq məhsulları"",""en"":"""",""ru"":""""}","{""az"":""Arıçılıq məhsulları\n\n\n"",""en"":"""",""ru"":""""}"
01KHPX62GM55C3C6,2024-03-08 18:50:17.098304+00,,true,,01KHPX62GKNGXP6J,,standard,"{""az"":""İdman mərkəzləri"",""en"":"""",""ru"":""""}","{""az"":""İdman mərkəzləri"",""en"":"""",""ru"":""""}"
01KHPX62GM569JHZ,2024-03-08 19:15:58.321282+00,,true,,01KHPX62GKN9AEED,,standard,"{""az"":""Digər Heyvanlar"",""en"":"""",""ru"":""""}","{""az"":""Digər Heyvanlar"",""en"":"""",""ru"":""""}"
01KHPX62GM5D5EPT,2024-03-20 19:40:58.279019+00,,true,,01KHPX62GK0CR2F8,,standard,"{""az"":""Uşaq qidası"",""en"":"""",""ru"":""""}","{""az"":""Uşaq qidası\n\n\n\n\n\n\n"",""en"":"""",""ru"":""""}"
01KHPX62GM5DN9KR,2024-03-14 20:54:41.982836+00,,true,,01KHPX62GMF310S2,,standard,"{""az"":""Digər"",""en"":"""",""ru"":""""}","{""az"":""Digər\n\n\n"",""en"":"""",""ru"":""""}"
01KHPX62GM5DYGYK,2024-03-14 06:06:08.475045+00,,true,,01KHPX62GMMHR709,,standard,"{""az"":""Geyim və ayaqqabı"",""en"":"""",""ru"":""""}","{""az"":""Geyim və ayaqqabı\n"",""en"":"""",""ru"":""""}"
01KHPX62GM5HHF4Z,2024-03-15 19:51:19.848863+00,,true,,01KHPX62GKQ3KG3D,,standard,"{""az"":""Tortlar"",""en"":"""",""ru"":""""}","{""az"":""Tortlar\n\n"",""en"":"""",""ru"":""""}"
01KHPX62GM5HX2GZ,2024-03-08 19:13:21.922992+00,,true,,01KHPX62GKX8R996,,standard,"{""az"":""Ev və bağ"",""en"":"""",""ru"":""""}","{""az"":""Ev və bağ"",""en"":"""",""ru"":""""}"
01KHPX62GM5JVX8K,2024-03-14 20:54:09.263153+00,,true,,01KHPX62GMF310S2,,standard,"{""az"":""Dırnaq qurutma maşınları"",""en"":"""",""ru"":""""}","{""az"":""Dırnaq qurutma maşınları\n\n"",""en"":"""",""ru"":""""}"
01KHPX62GM5S73DB,2024-03-12 19:57:23.248344+00,,true,,01KHPX62GMJ7R3MJ,,standard,"{""az"":""İnformatika, Proqramlaşdırma kursu"",""en"":"""",""ru"":""""}","{""az"":""\nİnformatika, Proqramlaşdırma kursu\n\n\n"",""en"":"""",""ru"":""""}"
01KHPX62GM5TZG40,2024-03-08 18:48:39.648268+00,,true,,01KHPX62GKNGXP6J,,standard,"{""az"":""Kafelər"",""en"":"""",""ru"":""""}","{""az"":""Kafelər"",""en"":"""",""ru"":""""}"
01KHPX62GM5VYFEE,2024-03-14 20:51:29.599951+00,,true,,01KHPX62GK2JN6MY,,standard,"{""az"":""Ağız spreyləri"",""en"":"""",""ru"":""""}","{""az"":""Ağız spreyləri\n\n\n\n\n"",""en"":"""",""ru"":""""}"
01KHPX62GM637DZY,2024-03-12 19:55:50.463952+00,,true,,01KHPX62GMJ7R3MJ,,standard,"{""az"":""Riyaziyyat kursu"",""en"":"""",""ru"":""""}","{""az"":""Riyaziyyat kursu\n\n"",""en"":"""",""ru"":""""}"
01KHPX62GM65PNTD,2024-03-08 18:49:02.00855+00,,true,,01KHPX62GKNGXP6J,,standard,"{""az"":""Şadlıq sarayları və Restoranlar"",""en"":"""",""ru"":""""}","{""az"":""Şadlıq sarayları və Restoranlar"",""en"":"""",""ru"":""""}"
01KHPX62GM65R2PM,2024-03-07 20:07:47.244493+00,,true,,01KHPX62GK7VM447,,standard,"{""az"":""Obyektlər və Ofislər"",""en"":"""",""ru"":""""}","{""az"":""Obyektlər və Ofislər"",""en"":"""",""ru"":""""}"
01KHPX62GM6BAF2S,2024-03-12 19:58:41.347611+00,,true,,01KHPX62GMJ7R3MJ,,standard,"{""az"":""İctimai elm"",""en"":"""",""ru"":""""}","{""az"":""İctimai elm\n\n"",""en"":"""",""ru"":""""}"
01KHPX62GM6DPNDV,2024-03-08 19:16:18.48742+00,,true,,01KHPX62GKN9AEED,,standard,"{""az"":""Zərərvericilər əleyhinə"",""en"":"""",""ru"":""""}","{""az"":""Zərərvericilər əleyhinə"",""en"":"""",""ru"":""""}"
01KHPX62GM6EW7BM,2024-03-12 20:04:19.847351+00,,true,,01KHPX62GMJ7R3MJ,,standard,"{""az"":""Digər kurslar"",""en"":"""",""ru"":""""}","{""az"":""Digər kurslar\n"",""en"":"""",""ru"":""""}"
01KHPX62GM6FCHCB,2024-03-15 19:14:38.183273+00,,true,,01KHPX62GKNK5H1Q,,standard,"{""az"":""Toyuq əti"",""en"":"""",""ru"":""""}","{""az"":""Toyuq əti\n\n\n"",""en"":"""",""ru"":""""}"
01KHPX62GM6QJ85V,2024-03-07 20:05:59.806769+00,,true,,01KHPX62GK7VM447,,standard,"{""az"":""Evlər və Mənzillər"",""en"":"""",""ru"":""""}","{""az"":""Evlər və Mənzillər"",""en"":"""",""ru"":""""}"
01KHPX62GM71AZMH,2024-03-14 06:10:07.370272+00,,true,,01KHPX62GMB10HKC,,standard,"{""az"":""Körpə məhsulları"",""en"":"""",""ru"":""""}","{""az"":""Körpə məhsulları\n\n"",""en"":"""",""ru"":""""}"
01KHPX62GM737Y7F,2024-03-07 20:14:32.541868+00,,true,,01KHPX62GKETSNBZ,,standard,"{""az"":""Elektron komponentlər və təchizat"",""en"":"""",""ru"":""""}","{""az"":""Elektron komponentlər və təchizat"",""en"":"""",""ru"":""""}"
01KHPX62GM73BX52,2024-03-14 20:57:19.074146+00,,true,,01KHPX62GMCFTEV8,,standard,"{""az"":""Makiyaj vasitələri"",""en"":"""",""ru"":""""}","{""az"":""Makiyaj vasitələri\n\n\n\n\n\n\n"",""en"":"""",""ru"":""""}"
01KHPX62GM779JTE,2024-03-15 19:28:58.37426+00,,true,,01KHPX62GKDT1WKT,,standard,"{""az"":""Qab yumaq üçün"",""en"":"""",""ru"":""""}","{""az"":""Qab yumaq üçün\n\n\n"",""en"":"""",""ru"":""""}"
01KHPX62GM7FGFYW,2024-03-15 19:54:35.353093+00,,true,,01KHPX62GKSZ64E4,,standard,"{""az"":""Diabetik şəkərlər"",""en"":"""",""ru"":""""}","{""az"":""Diabetik şəkərlər\n\n\n"",""en"":"""",""ru"":""""}"
01KHPX62GM7GJPV8,2024-03-12 19:58:18.427921+00,,true,,01KHPX62GMJ7R3MJ,,standard,"{""az"":""Tarix kursu"",""en"":"""",""ru"":""""}","{""az"":""Tarix kursu\n\n\n\n\n\n\n"",""en"":"""",""ru"":""""}"
01KHPX62GM7JEGAS,2024-03-08 19:02:22.439685+00,,true,,01KHPX62GK5E67NT,,standard,"{""az"":""Axtarıram"",""en"":"""",""ru"":""""}","{""az"":""Axtarıram"",""en"":"""",""ru"":""""}"
01KHPX62GM7JQN0D,2024-03-14 21:00:36.202699+00,,true,,01KHPX62GKB35ZDJ,,standard,"{""az"":""Ülgüc bıçağı"",""en"":"""",""ru"":""""}","{""az"":""Ülgüc bıçağı\n\n"",""en"":"""",""ru"":""""}"
01KHPX62GM7K0D09,2024-03-08 18:57:43.649878+00,,true,,01KHPX62GK5E67NT,,standard,"{""az"":""İtki və Tapıntılar"",""en"":"""",""ru"":""""}","{""az"":""İtki və Tapıntılar"",""en"":"""",""ru"":""""}"
01KHPX62GM7QDQC5,2024-03-14 06:15:07.112712+00,,true,,01KHPX62GJH5VHNM,,standard,"{""az"":""Saç boyaları"",""en"":"""",""ru"":""""}","{""az"":""Saç boyaları\n\n\n\n\n"",""en"":"""",""ru"":""""}"
01KHPX62GM84MZX7,2024-03-12 19:56:37.59925+00,,true,,01KHPX62GMJ7R3MJ,,standard,"{""az"":""Fizika kursu"",""en"":"""",""ru"":""""}","{""az"":""Fizika kursu\n\n"",""en"":"""",""ru"":""""}"
01KHPX62GM8BJ102,2024-03-15 19:26:13.707735+00,,true,,01KHPX62GKDV7R2J,,standard,"{""az"":""Qəhvə"",""en"":"""",""ru"":""""}","{""az"":""Qəhvə\n\n\n\n"",""en"":"""",""ru"":""""}"
01KHPX62GM8C5GVH,2024-03-07 20:13:49.740379+00,,true,,01KHPX62GKETSNBZ,,standard,"{""az"":""Məişət Elektronikası"",""en"":"""",""ru"":""""}","{""az"":""Məişət Elektronikası"",""en"":"""",""ru"":""""}"
01KHPX62GM8TVN06,2024-03-14 06:05:46.042677+00,,true,,01KHPX62GMMHR709,,standard,"{""az"":""Ev və bağ üçün hər şey"",""en"":"""",""ru"":""""}","{""az"":""Ev və bağ üçün hər şey\n\n"",""en"":"""",""ru"":""""}"
01KHPX62GM96NYG9,2024-03-12 20:08:25.188425+00,,true,,01KHPX62GM1HVCPH,,standard,"{""az"":""Plastilinlər"",""en"":"""",""ru"":""""}","{""az"":""Plastilinlər\n\n\n\n"",""en"":"""",""ru"":""""}"
01KHPX62GM97HNZY,2024-03-18 20:12:47.208506+00,,true,,01KHPX62GKQ42KHP,,standard,"{""az"":""Geyimlər"",""en"":"""",""ru"":""""}","{""az"":""Geyimlər\n"",""en"":"""",""ru"":""""}"
01KHPX62GM97JQZ8,2024-03-15 19:28:19.274861+00,,true,,01KHPX62GKDT1WKT,,standard,"{""az"":""Paltarlar üçün "",""en"":"""",""ru"":""""}","{""az"":""Paltarlar üçün \n"",""en"":"""",""ru"":""""}"
01KHPX62GM99R6WM,2024-03-14 20:57:59.833174+00,,true,,01KHPX62GMCFTEV8,,standard,"{""az"":""Güzgü"",""en"":"""",""ru"":""""}","{""az"":""Güzgü\n\n\n\n\n\n\n\n\n"",""en"":"""",""ru"":""""}"
01KHPX62GM99WNFB,2024-03-12 20:02:57.795045+00,,true,,01KHPX62GMJ7R3MJ,,standard,"{""az"":""Musiqi kursu"",""en"":"""",""ru"":""""}","{""az"":""Musiqi kursu\n\n"",""en"":"""",""ru"":""""}"
01KHPX62GM9F779W,2024-03-08 19:07:46.3418+00,,true,,01KHPX62GK8YK090,,standard,"{""az"":""Turizm və Səyahət"",""en"":"""",""ru"":""""}","{""az"":""Turizm və Səyahət"",""en"":"""",""ru"":""""}"
01KHPX62GM9X3RP5,2024-03-07 20:10:52.339347+00,,true,,01KHPX62GK7VM447,,standard,"{""az"":""Yaşayış Kompleksləri"",""en"":"""",""ru"":""""}","{""az"":""Yaşayış Kompleksləri"",""en"":"""",""ru"":""""}"
01KHPX62GM9XTKWG,2024-03-18 20:16:19.227373+00,,true,,01KHPX62GKQ42KHP,,standard,"{""az"":""Köynək"",""en"":"""",""ru"":""""}","{""az"":""Köynək\n\n\n\n\n\n"",""en"":"""",""ru"":""""}"
01KHPX62GM9YH297,2024-03-07 20:10:26.978073+00,,true,,01KHPX62GK7VM447,,standard,"{""az"":""Xaricdə Əmlak icarələri və satışları"",""en"":"""",""ru"":""""}","{""az"":""Xaricdə Əmlak icarələri və satışları"",""en"":"""",""ru"":""""}"
01KHPX62GMA0B1M3,2024-03-12 20:06:48.8251+00,,true,,01KHPX62GM1HVCPH,,standard,"{""az"":""Nağıl dünyası"",""en"":"""",""ru"":""""}","{""az"":""Nağıl dünyası\n"",""en"":"""",""ru"":""""}"
01KHPX62GMA2DWD3,2024-03-15 19:15:12.286337+00,,true,,01KHPX62GKNK5H1Q,,standard,"{""az"":""Kolbasa və sosiskalar"",""en"":"""",""ru"":""""}","{""az"":""Kolbasa və sosiskalar\n\n\n\n"",""en"":"""",""ru"":""""}"
01KHPX62GMAFT1DJ,2024-03-08 18:59:32.508463+00,,true,,01KHPX62GK5E67NT,,standard,"{""az"":""Tədbirlər və Sərgilər"",""en"":"""",""ru"":""""}","{""az"":""Tədbirlər və Sərgilər"",""en"":"""",""ru"":""""}"
01KHPX62GMAJ5VGX,2024-03-12 19:34:24.792232+00,,true,,01KHPX62GK3SDAX9,,standard,"{""az"":""Həyat və əyləncə"",""en"":"""",""ru"":""""}","{""az"":""\nHəyat və əyləncə\n\n"",""en"":"""",""ru"":""""}"
01KHPX62GMAP159F,2024-03-08 19:15:00.212542+00,,true,,01KHPX62GKN9AEED,,standard,"{""az"":""Quşlar və Quş aləmi"",""en"":"""",""ru"":""""}","{""az"":""Quşlar və Quş aləmi"",""en"":"""",""ru"":""""}"
01KHPX62GMAPW5E8,2024-03-18 20:34:00.836059+00,,true,,01KHPX62GKR7B1QW,,standard,"{""az"":""Toy və nişan zərgərliyi"",""en"":"""",""ru"":""""}","{""az"":""Toy və nişan zərgərliyi\n\n\n\n\n"",""en"":"""",""ru"":""""}"
01KHPX62GMAR6G7S,2024-03-18 20:32:38.898162+00,,true,,01KHPX62GKR7B1QW,,standard,"{""az"":""Üzüklər"",""en"":"""",""ru"":""""}","{""az"":""Üzüklər\n\n"",""en"":"""",""ru"":""""}"
01KHPX62GMAWAHV6,2024-03-07 20:06:20.545049+00,,true,,01KHPX62GK7VM447,,standard,"{""az"":""Villalar və Saraylar"",""en"":"""",""ru"":""""}","{""az"":""Villalar və Saraylar"",""en"":"""",""ru"":""""}"
01KHPX62GMB0WYZ4,2024-03-20 19:40:23.727951+00,,true,,01KHPX62GK0CR2F8,,standard,"{""az"":""Uşaq yatarqları və Yataq dəstləri"",""en"":"""",""ru"":""""}","{""az"":""Uşaq yatarqları və Yataq dəstləri\n\n\n\n\n"",""en"":"""",""ru"":""""}"
01KHPX62GMB10HKC,2024-03-08 18:59:10.397876+00,,true,,01KHPX62GK5E67NT,,standard,"{""az"":""Hədiyyə edərəm"",""en"":"""",""ru"":""""}","{""az"":""Hədiyyə edərəm"",""en"":"""",""ru"":""""}"
01KHPX62GMBB2WZ5,2024-03-15 19:14:19.616444+00,,true,,01KHPX62GKNK5H1Q,,standard,"{""az"":""Mal əti"",""en"":"""",""ru"":""""}","{""az"":""Mal əti\n\n"",""en"":"""",""ru"":""""}"
01KHPX62GMBDE875,2024-03-12 19:56:56.742334+00,,true,,01KHPX62GMJ7R3MJ,,standard,"{""az"":""Azərbaycan dili kursu"",""en"":"""",""ru"":""""}","{""az"":""Azərbaycan dili kursu\n\n\n"",""en"":"""",""ru"":""""}"
01KHPX62GMBMCXD3,2024-03-14 06:09:29.086689+00,,true,,01KHPX62GMB10HKC,,standard,"{""az"":""Ev və bağ üçün hər şey"",""en"":"""",""ru"":""""}","{""az"":""Ev və bağ üçün hər şey\n"",""en"":"""",""ru"":""""}"
01KHPX62GMBPT6V7,2024-03-08 18:47:30.44229+00,,true,,01KHPX62GKNGXP6J,,standard,"{""az"":""Aviaşirkətlər və Turizm agentliyi"",""en"":"""",""ru"":""""}","{""az"":""Aviaşirkətlər və Turizm agentliyi"",""en"":"""",""ru"":""""}"
01KHPX62GMBQBR54,2024-03-14 06:02:27.538789+00,,true,,01KHPX62GMG314GD,,standard,"{""az"":""Məişət köməkliyi"",""en"":"""",""ru"":""""}","{""az"":""\nMəişət köməkliyi\n\n"",""en"":"""",""ru"":""""}"
01KHPX62GMBVREBB,2024-03-14 20:42:02.629497+00,,true,,01KHPX62GK7N1ZXV,,standard,"{""az"":""Gözəlliyin özülü"",""en"":"""",""ru"":""""}","{""az"":""Gözəlliyin özülü\n"",""en"":"""",""ru"":""""}"
01KHPX62GMBVY645,2024-03-12 19:35:07.200463+00,,true,,01KHPX62GK3SDAX9,,standard,"{""az"":""Digər"",""en"":"""",""ru"":""""}","{""az"":""\nDigər\n"",""en"":"""",""ru"":""""}"
01KHPX62GMBYQBCJ,2024-03-14 06:03:03.767152+00,,true,,01KHPX62GMG314GD,,standard,"{""az"":""Mütəxəssislərə kömək"",""en"":"""",""ru"":""""}","{""az"":""\nMütəxəssislərə kömək\n\n\n"",""en"":"""",""ru"":""""}"
01KHPX62GMC1MBW8,2024-03-08 18:51:52.514847+00,,true,,01KHPX62GKNGXP6J,,standard,"{""az"":""Uşaq əyləncə mərkəzləri"",""en"":"""",""ru"":""""}","{""az"":""Uşaq əyləncə mərkəzləri"",""en"":"""",""ru"":""""}"
01KHPX62GMC4ZVQW,2024-03-14 20:45:33.231498+00,,true,,01KHPX62GK7N1ZXV,,standard,"{""az"":""Sanitar kağız"",""en"":"""",""ru"":""""}","{""az"":""Sanitar kağız\n\n\n\n\n\n"",""en"":"""",""ru"":""""}"
01KHPX62GMC96S1T,2024-03-14 06:03:28.175605+00,,true,,01KHPX62GMG314GD,,standard,"{""az"":""Digər"",""en"":"""",""ru"":""""}","{""az"":""Digər\n"",""en"":"""",""ru"":""""}"
01KHPX62GMCC6A1B,2024-03-14 20:45:16.907023+00,,true,,01KHPX62GK7N1ZXV,,standard,"{""az"":""Ağız gigiyenası"",""en"":"""",""ru"":""""}","{""az"":""Ağız gigiyenası\n\n\n\n\n"",""en"":"""",""ru"":""""}"
01KHPX62GMCFTEV8,2024-03-06 20:14:03.710058+00,,true,,01KHPX62GK92D5C8,,standard,"{""az"":""Makyaj"",""en"":"""",""ru"":""""}","{""az"":""Makyaj"",""en"":"""",""ru"":""""}"
01KHPX62GMCKKSYY,2024-03-12 20:00:53.721808+00,,true,,01KHPX62GMJ7R3MJ,,standard,"{""az"":""İqtisadiyyat kursu"",""en"":"""",""ru"":""""}","{""az"":""İqtisadiyyat kursu\n\n\n"",""en"":"""",""ru"":""""}"
01KHPX62GMCQ7S8C,2024-03-07 20:00:23.520725+00,,true,,01KHPX62GKGX3BSS,,standard,"{""az"":""Avotomobil İcarəsi"",""en"":"""",""ru"":""""}","{""az"":""Avotomobil İcarəsi"",""en"":"""",""ru"":""""}"
01KHPX62GMCRTMAN,2024-03-14 06:07:31.609879+00,,true,,01KHPX62GMMHR709,,standard,"{""az"":""Digər"",""en"":"""",""ru"":""""}","{""az"":""Digər\n\n\n\n"",""en"":"""",""ru"":""""}"
01KHPX62GMCXDCVZ,2024-03-12 19:33:10.424477+00,,true,,01KHPX62GK3SDAX9,,standard,"{""az"":""Elm, Texnologiya "",""en"":"""",""ru"":""""}","{""az"":""\nElm, Texnologiya \n"",""en"":"""",""ru"":""""}"
01KHPX62GMCYPZK1,2024-03-08 19:12:58.282483+00,,true,,01KHPX62GKX8R996,,standard,"{""az"":""Bitkilər və Bitkiçilik"",""en"":"""",""ru"":""""}","{""az"":""Bitkilər və Bitkiçilik"",""en"":"""",""ru"":""""}"
01KHPX62GMD3BV4V,2024-03-14 20:54:24.841824+00,,true,,01KHPX62GMF310S2,,standard,"{""az"":""Manikür dəstləri"",""en"":"""",""ru"":""""}","{""az"":""Manikür dəstləri\n\n"",""en"":"""",""ru"":""""}"
01KHPX62GMD93G3S,2024-03-08 18:52:31.763758+00,,true,,01KHPX62GKNGXP6J,,standard,"{""az"":""Təmir Mərkəzləri"",""en"":"""",""ru"":""""}","{""az"":""Təmir Mərkəzləri"",""en"":"""",""ru"":""""}"
01KHPX62GMDBVRHR,2024-03-08 19:14:19.884518+00,,true,,01KHPX62GKN9AEED,,standard,"{""az"":""İtlər və İt aləmi"",""en"":"""",""ru"":""""}","{""az"":""İtlər və İt aləmi"",""en"":"""",""ru"":""""}"
01KHPX62GMDETHR2,2024-03-14 06:14:29.947634+00,,true,,01KHPX62GJH5VHNM,,standard,"{""az"":""Şampun və kondisionerlər"",""en"":"""",""ru"":""""}","{""az"":""Şampun və kondisionerlər\n\n\n\n"",""en"":"""",""ru"":""""}"
01KHPX62GMDGYES8,2024-03-14 20:44:36.772303+00,,true,,01KHPX62GK7N1ZXV,,standard,"{""az"":""Hamam və duş"",""en"":"""",""ru"":""""}","{""az"":""Hamam və duş\n\n\n"",""en"":"""",""ru"":""""}"
01KHPX62GMDHCJ41,2024-03-14 06:12:41.157102+00,,true,,01KHPX62GJH5VHNM,,standard,"{""az"":""Saçların uzanması"",""en"":"""",""ru"":""""}","{""az"":""Saçların uzanması\n\n"",""en"":"""",""ru"":""""}"
01KHPX62GMDN6AE9,2024-03-15 19:27:10.220452+00,,true,,01KHPX62GKDV7R2J,,standard,"{""az"":""Digər içkilər"",""en"":"""",""ru"":""""}","{""az"":""Digər içkilər\n\n\n\n\n\n\n"",""en"":"""",""ru"":""""}"
01KHPX62GMDPZ0M7,2024-03-15 19:36:24.895843+00,,true,,01KHPX62GK8TQ8TV,,standard,"{""az"":""Qatıq"",""en"":"""",""ru"":""""}","{""az"":""Qatıq\n\n\n"",""en"":"""",""ru"":""""}"
01KHPX62GMDQ7A2A,2024-03-15 19:22:58.421355+00,,true,,01KHPX62GKDV7R2J,,standard,"{""az"":""Sular"",""en"":"""",""ru"":""""}","{""az"":""Sular\ni\n\n"",""en"":"""",""ru"":""""}"
01KHPX62GME0XKHC,2024-03-08 18:49:29.207188+00,,true,,01KHPX62GKNGXP6J,,standard,"{""az"":""Hotellər və Hostellər"",""en"":"""",""ru"":""""}","{""az"":""Hotellər və Hostellər"",""en"":"""",""ru"":""""}"
01KHPX62GME4NNDZ,2024-03-07 20:10:05.08298+00,,true,,01KHPX62GK7VM447,,standard,"{""az"":""Mehmanxanalar və Hostellər"",""en"":"""",""ru"":""""}","{""az"":""Mehmanxanalar və Hostellər"",""en"":"""",""ru"":""""}"
01KHPX62GMEFHSFC,2024-03-18 20:27:21.934287+00,,true,,01KHPX62GK89CT0T,,standard,"{""az"":""Rəqəmsal saatlar"",""en"":"""",""ru"":""""}","{""az"":""Rəqəmsal saatlar\n\n\n\n"",""en"":"""",""ru"":""""}"
01KHPX62GMEJ36EM,2024-03-18 20:15:57.04567+00,,true,,01KHPX62GKQ42KHP,,standard,"{""az"":""Şalvar və Şort"",""en"":"""",""ru"":""""}","{""az"":""Şalvar və Şort\n\n\n\n\n\n"",""en"":"""",""ru"":""""}"
01KHPX62GMEQYBJB,2024-03-15 19:14:55.655582+00,,true,,01KHPX62GKNK5H1Q,,standard,"{""az"":""Dəniz məhsulları"",""en"":"""",""ru"":""""}","{""az"":""Dəniz məhsulları\n\n\n\n"",""en"":"""",""ru"":""""}"
01KHPX62GMERFGT6,2024-03-08 19:15:35.833209+00,,true,,01KHPX62GKN9AEED,,standard,"{""az"":""Gəmiricilər və Gəmiricilər aləmi"",""en"":"""",""ru"":""""}","{""az"":""Gəmiricilər və Gəmiricilər aləmi"",""en"":"""",""ru"":""""}"
01KHPX62GMF037QZ,2024-03-15 19:49:26.296606+00,,true,,01KHPX62GK31TY2B,,standard,"{""az"":""Meyvələr"",""en"":"""",""ru"":""""}","{""az"":""Meyvələr\n"",""en"":"""",""ru"":""""}"
01KHPX62GMF310S2,2024-03-06 20:13:42.644562+00,,true,,01KHPX62GK92D5C8,,standard,"{""az"":""Dırnaq dizaynı"",""en"":"""",""ru"":""""}","{""az"":""Dırnaq dizaynı"",""en"":"""",""ru"":""""}"
01KHPX62GMF7FEY3,2024-03-14 20:59:51.491827+00,,true,,01KHPX62GKB35ZDJ,,standard,"{""az"":""Dəriyə qulluq"",""en"":"""",""ru"":""""}","{""az"":""Dəriyə qulluq\n"",""en"":"""",""ru"":""""}"
01KHPX62GMF7ZDJR,2024-03-15 19:25:49.471631+00,,true,,01KHPX62GKDV7R2J,,standard,"{""az"":""Çaylar"",""en"":"""",""ru"":""""}","{""az"":""Çaylar\n\n\n"",""en"":"""",""ru"":""""}"
01KHPX62GMF9K4XW,2024-03-18 20:15:19.01193+00,,true,,01KHPX62GKQ42KHP,,standard,"{""az"":""Don və Ətəklər"",""en"":"""",""ru"":""""}","{""az"":""Don və Ətəklər\n\n\n\n\n"",""en"":"""",""ru"":""""}"
01KHPX62GMFG0CQK,2024-03-15 19:22:35.962937+00,,true,,01KHPX62GKDV7R2J,,standard,"{""az"":""Meyvə şirələri"",""en"":"""",""ru"":""""}","{""az"":""Meyvə şirələri\n\n"",""en"":"""",""ru"":""""}"
01KHPX62GMFMBV39,2024-03-15 19:56:02.94989+00,,true,,01KHPX62GKNXP8R5,,standard,"{""az"":""Şorabalar"",""en"":"""",""ru"":""""}","{""az"":""Şorabalar\n\n"",""en"":"""",""ru"":""""}"
01KHPX62GMFQPPGB,2024-03-16 20:38:28.503607+00,,true,,01KHPX62GMS14PAB,,standard,"{""az"":""Sağlamlıq mərkəzləri"",""en"":"""",""ru"":""""}","{""az"":""Sağlamlıq mərkəzləri\n"",""en"":"""",""ru"":""""}"
01KHPX62GMFSYAPZ,2024-03-19 19:30:40.42003+00,,true,,01KHPX62GKEX118R,,standard,"{""az"":""Körpə qız geyimləri"",""en"":"""",""ru"":""""}","{""az"":""Körpə qız geyimləri\n"",""en"":"""",""ru"":""""}"
01KHPX62GMFYJVA2,2024-03-14 20:46:10.991842+00,,true,,01KHPX62GK7N1ZXV,,standard,"{""az"":""Digər"",""en"":"""",""ru"":""""}","{""az"":""Digər\n\n\n\n\n\n\n"",""en"":"""",""ru"":""""}"
01KHPX62GMG314GD,2024-03-08 18:58:24.851178+00,,true,,01KHPX62GK5E67NT,,standard,"{""az"":""Kömək etməyə hazıram"",""en"":"""",""ru"":""""}","{""az"":""Kömək etməyə hazıram"",""en"":"""",""ru"":""""}"
01KHPX62GMGAYEME,2024-03-15 19:54:19.6771+00,,true,,01KHPX62GKSZ64E4,,standard,"{""az"":""Dietik çörəklər"",""en"":"""",""ru"":""""}","{""az"":""Dietik çörəklər\n\n"",""en"":"""",""ru"":""""}"
01KHPX62GMGDEA3A,2024-03-15 19:28:37.472875+00,,true,,01KHPX62GKDT1WKT,,standard,"{""az"":""Təmizləyicilər və Yuyucular"",""en"":"""",""ru"":""""}","{""az"":""Təmizləyicilər və Yuyucular\n\n"",""en"":"""",""ru"":""""}"
01KHPX62GMGEN90Q,2024-03-18 20:29:48.961762+00,,true,,01KHPX62GK89CT0T,,standard,"{""az"":""Divar saatları"",""en"":"""",""ru"":""""}","{""az"":""Divar saatları\n"",""en"":"""",""ru"":""""}"
01KHPX62GMGFGCDB,2024-03-07 20:07:28.802281+00,,true,,01KHPX62GK7VM447,,standard,"{""az"":""Qarajlar və zirzəmilər"",""en"":"""",""ru"":""""}","{""az"":""Qarajlar və zirzəmilər"",""en"":"""",""ru"":""""}"
01KHPX62GMGFPCZW,2024-03-08 18:51:09.360738+00,,true,,01KHPX62GKNGXP6J,,standard,"{""az"":""Supermarketlər"",""en"":"""",""ru"":""""}","{""az"":""Supermarketlər"",""en"":"""",""ru"":""""}"
01KHPX62GMGKHMFN,2024-03-08 18:52:11.933762+00,,true,,01KHPX62GKNGXP6J,,standard,"{""az"":""Mağazalar"",""en"":"""",""ru"":""""}","{""az"":""Mağazalar"",""en"":"""",""ru"":""""}"
01KHPX62GMGPFF31,2024-03-12 19:54:00.515741+00,,true,,01KHPX62GMJ7R3MJ,,standard,"{""az"":""Kurslar və Hazırlıq mərkəzləri"",""en"":"""",""ru"":""""}","{""az"":""Kurslar və Hazırlıq mərkəzləri\n"",""en"":"""",""ru"":""""}"
01KHPX62GMGYMCFK,2024-03-14 20:47:14.358451+00,,true,,01KHPX62GKV808QZ,,standard,"{""az"":""Gözlər"",""en"":"""",""ru"":""""}","{""az"":""Gözlər\n\n"",""en"":"""",""ru"":""""}"
01KHPX62GMGYPGFE,2024-03-12 19:57:41.621967+00,,true,,01KHPX62GMJ7R3MJ,,standard,"{""az"":""Kimya kursu"",""en"":"""",""ru"":""""}","{""az"":""Kimya kursu\n\n\n\n\n"",""en"":"""",""ru"":""""}"
01KHPX62GMH0S29P,2024-03-12 20:03:36.836004+00,,true,,01KHPX62GMJ7R3MJ,,standard,"{""az"":""Rus dili kursu"",""en"":"""",""ru"":""""}","{""az"":""Rus dili kursu\n\n\n\n"",""en"":"""",""ru"":""""}"
01KHPX62GMH1V3W5,2024-03-06 20:13:20.020906+00,,true,,01KHPX62GK92D5C8,,standard,"{""az"":""Alətlər və Aksesuarlar"",""en"":"""",""ru"":""""}","{""az"":""Alətlər və Aksesuarlar"",""en"":"""",""ru"":""""}"
01KHPX62GMH20RW3,2024-03-15 19:47:25.532699+00,,true,,01KHPX62GK8TQ8TV,,standard,"{""az"":""Qatlaşdırılmış süd"",""en"":"""",""ru"":""""}","{""az"":""Qatlaşdırılmış süd\n\n\n\n\n\n\n\n"",""en"":"""",""ru"":""""}"
01KHPX62GMH467HS,2024-03-14 20:57:42.407202+00,,true,,01KHPX62GMCFTEV8,,standard,"{""az"":""Hədiyyə dəstləri"",""en"":"""",""ru"":""""}","{""az"":""Hədiyyə dəstləri\n\n\n\n\n\n\n\n"",""en"":"""",""ru"":""""}"
01KHPX62GMH4RB4E,2024-03-12 19:56:12.036862+00,,true,,01KHPX62GMJ7R3MJ,,standard,"{""az"":""Xarici dil kursu"",""en"":"""",""ru"":""""}","{""az"":""Xarici dil kursu\n"",""en"":"""",""ru"":""""}"
01KHPX62GMH5GN01,2024-03-15 19:46:45.760251+00,,true,,01KHPX62GK8TQ8TV,,standard,"{""az"":""Kefir"",""en"":"""",""ru"":""""}","{""az"":""Kefir\n\n\n\n\n\n\n"",""en"":"""",""ru"":""""}"
01KHPX62GMH8FYDW,2024-03-12 19:55:25.147547+00,,true,,01KHPX62GMJ7R3MJ,,standard,"{""az"":""Tərbiyəçilər"",""en"":"""",""ru"":""""}","{""az"":""Tərbiyəçilər\n"",""en"":"""",""ru"":""""}"
01KHPX62GMH8QVD1,2024-03-12 19:31:23.925298+00,,true,,01KHPX62GK3SDAX9,,standard,"{""az"":""Bədii ədəbiyyat"",""en"":"""",""ru"":""""}","{""az"":""Bədii ədəbiyyat\n"",""en"":"""",""ru"":""""}"
01KHPX62GMHM2NT9,2024-03-18 20:32:20.070331+00,,true,,01KHPX62GKR7B1QW,,standard,"{""az"":""Sırğalar"",""en"":"""",""ru"":""""}","{""az"":""Sırğalar\n"",""en"":"""",""ru"":""""}"
01KHPX62GMHTNKCE,2024-03-08 18:58:05.737086+00,,true,,01KHPX62GK5E67NT,,standard,"{""az"":""Təsadüfi tanışlıq"",""en"":"""",""ru"":""""}","{""az"":""Təsadüfi tanışlıq"",""en"":"""",""ru"":""""}"
01KHPX62GMHWJ75G,2024-03-07 20:09:29.715359+00,,true,,01KHPX62GKNYGMZE,,standard,"{""az"":""Restoranlar və Kafelər"",""en"":"""",""ru"":""""}","{""az"":""Restoranlar və Kafelər"",""en"":"""",""ru"":""""}"
01KHPX62GMHWWENP,2024-03-08 19:12:11.904653+00,,true,,01KHPX62GKX8R996,,standard,"{""az"":""Evin təkmilləşdirilməsi"",""en"":"""",""ru"":""""}","{""az"":""Evin təkmilləşdirilməsi"",""en"":"""",""ru"":""""}"
01KHPX62GMJ5D03J,2024-03-18 20:27:38.540857+00,,true,,01KHPX62GK89CT0T,,standard,"{""az"":""Qolbaq saatları"",""en"":"""",""ru"":""""}","{""az"":""Qolbaq saatları\n\n\n\n\n"",""en"":"""",""ru"":""""}"
01KHPX62GMJ632WW,2024-03-15 19:20:03.089069+00,,true,,01KHPX62GKJT6T7F,,standard,"{""az"":""Çaylar"",""en"":"""",""ru"":""""}","{""az"":""Çaylar\n\n\n\n"",""en"":"""",""ru"":""""}"
01KHPX62GMJ7R3MJ,2024-03-06 19:14:59.07546+00,,true,,01KHPX62GKS0Q7GH,,standard,"{""az"":""Kurslar"",""en"":"""",""ru"":""""}","{""az"":""Kurslar"",""en"":"""",""ru"":""""}"
01KHPX62GMJAPQGC,2024-03-07 20:09:10.136039+00,,true,,01KHPX62GK7VM447,,standard,"{""az"":""Bakıda və Rayonlarda Biznes Mərkəzləri"",""en"":"""",""ru"":""""}","{""az"":""Bakıda və Rayonlarda Biznes Mərkəzləri"",""en"":"""",""ru"":""""}"
01KHPX62GMJCSCNZ,2024-03-15 19:16:09.63447+00,,true,,01KHPX62GKJT6T7F,,standard,"{""az"":""Ədviyyat məhsulları"",""en"":"""",""ru"":""""}","{""az"":""Ədviyyat məhsulları\n"",""en"":"""",""ru"":""""}"
01KHPX62GMJD211R,2024-02-18 19:22:43+00,2024-02-18 19:22:42+00,true,geyim-ve-aksesuarlar.png,01KHPX62GMJD211R,,standard,"{""az"":""Geyim ve Aksesuarlar"",""en"":"""",""ru"":""""}","{""az"":""Geyim ve Aksesuarlar"",""en"":"""",""ru"":""""}"
01KHPX62GMJFNTRF,2024-03-18 20:31:42.347452+00,,true,,01KHPX62GKR7B1QW,,standard,"{""az"":""Boyunbağılar"",""en"":"""",""ru"":""""}","{""az"":""Boyunbağılar\n\n"",""en"":"""",""ru"":""""}"
01KHPX62GMJQ36FK,2024-03-14 20:41:42.380402+00,,true,,01KHPX62GK7N1ZXV,,standard,"{""az"":""Kəsim və Saç tökülməsi"",""en"":"""",""ru"":""""}","{""az"":""Kəsim və Saç tökülməsi\n"",""en"":"""",""ru"":""""}"
01KHPX62GMJQCQHZ,2024-03-12 19:30:31.17321+00,,true,,01KHPX62GK3SDAX9,,standard,"{""az"":""Uşaq ədəbiyyatı"",""en"":"""",""ru"":""""}","{""az"":""Uşaq ədəbiyyatı\n"",""en"":"""",""ru"":""""}"
01KHPX62GMJTJ3HZ,2024-03-15 19:25:29.99544+00,,true,,01KHPX62GKDV7R2J,,standard,"{""az"":""Şirin sular"",""en"":"""",""ru"":""""}","{""az"":""Şirin sular\n\n"",""en"":"""",""ru"":""""}"
01KHPX62GMJTMVX7,2024-03-07 20:14:57.877923+00,,true,,01KHPX62GKETSNBZ,,standard,"{""az"":""Təhlükəsizlik və Müdafiə"",""en"":"""",""ru"":""""}","{""az"":""Təhlükəsizlik və Müdafiə"",""en"":"""",""ru"":""""}"
01KHPX62GMJVZD24,2024-03-14 20:50:51.86895+00,,true,,01KHPX62GK2JN6MY,,standard,"{""az"":""Şəxsi sağlamlıq"",""en"":"""",""ru"":""""}","{""az"":""Şəxsi sağlamlıq\n\n\n"",""en"":"""",""ru"":""""}"
01KHPX62GMK1M8HD,2024-03-12 20:01:14.227768+00,,true,,01KHPX62GMJ7R3MJ,,standard,"{""az"":""Məktəbdə hazırlıq kursu"",""en"":"""",""ru"":""""}","{""az"":""Məktəbdə hazırlıq kursu\n\n\n\n"",""en"":"""",""ru"":""""}"
01KHPX62GMK7TJSP,2024-03-07 19:57:32.518129+00,,true,,01KHPX62GKGX3BSS,,standard,"{""az"":""Yük və kənd təsərrüfatı"",""en"":"""",""ru"":""""}","{""az"":""Yük və kənd təsərrüfatı"",""en"":"""",""ru"":""""}"
01KHPX62GMK7VYM0,2024-03-15 19:56:56.64132+00,,true,,01KHPX62GKNXP8R5,,standard,"{""az"":""Cemlər"",""en"":"""",""ru"":""""}","{""az"":""Cemlər\n"",""en"":"""",""ru"":""""}"
01KHPX62GMKEMY3B,2024-03-16 20:35:23.954305+00,,true,,01KHPX62GMS14PAB,,standard,"{""az"":""Gözəllik salonları"",""en"":"""",""ru"":""""}","{""az"":""Gözəllik salonları\n"",""en"":"""",""ru"":""""}"
01KHPX62GMKMWP4Z,2024-03-14 06:14:11.806763+00,,true,,01KHPX62GJH5VHNM,,standard,"{""az"":""Saç üçün düzləşdirmə alətləri"",""en"":"""",""ru"":""""}","{""az"":""Saç üçün düzləşdirmə alətləri\n\n\n\n"",""en"":"""",""ru"":""""}"
01KHPX62GMKNKHTZ,2024-03-14 20:49:48.786156+00,,true,,01KHPX62GK2JN6MY,,standard,"{""az"":""Şəxsi gigiyena vasitələri"",""en"":"""",""ru"":""""}","{""az"":""Şəxsi gigiyena vasitələri\n"",""en"":"""",""ru"":""""}"
01KHPX62GMKWS2CK,2024-03-15 19:57:33.417854+00,,true,,01KHPX62GKNXP8R5,,standard,"{""az"":""Meyvə və Tərəvəz balonları"",""en"":"""",""ru"":""""}","{""az"":""Meyvə və Tərəvəz balonları\n\n"",""en"":"""",""ru"":""""}"
01KHPX62GMM3P0Y4,2024-03-15 19:14:02.721496+00,,true,,01KHPX62GKNK5H1Q,,standard,"{""az"":""Qoyun əti"",""en"":"""",""ru"":""""}","{""az"":""Qoyun əti\n"",""en"":"""",""ru"":""""}"
01KHPX62GMMAT0FB,2024-03-15 19:54:04.822503+00,,true,,01KHPX62GKSZ64E4,,standard,"{""az"":""Müalicəvi çaylar"",""en"":"""",""ru"":""""}","{""az"":""Müalicəvi çaylar\n"",""en"":"""",""ru"":""""}"
01KHPX62GMMATTSN,2024-03-14 06:09:09.209347+00,,true,,01KHPX62GMB10HKC,,standard,"{""az"":""Məişət cihazları və elektronika"",""en"":"""",""ru"":""""}","{""az"":""Məişət cihazları və elektronika\n"",""en"":"""",""ru"":""""}"
01KHPX62GMMBYHQ4,2024-03-08 19:08:38.8036+00,,true,,01KHPX62GK8YK090,,standard,"{""az"":""İdman və əyləncə aləmi"",""en"":"""",""ru"":""""}","{""az"":""İdman və əyləncə aləmi"",""en"":"""",""ru"":""""}"
01KHPX62GMMD0SMA,2024-03-15 19:19:19.37017+00,,true,,01KHPX62GKJT6T7F,,standard,"{""az"":""Qarnirlər və Souzlar"",""en"":"""",""ru"":""""}","{""az"":""Qarnirlər və Souzlar\n\n\n"",""en"":"""",""ru"":""""}"
01KHPX62GMMHR709,2024-03-08 18:58:48.669945+00,,true,,01KHPX62GK5E67NT,,standard,"{""az"":""Sahiblənərəm"",""en"":"""",""ru"":""""}","{""az"":""Sahiblənərəm"",""en"":"""",""ru"":""""}"
01KHPX62GMMMG6V4,2024-03-18 20:34:21.928716+00,,true,,01KHPX62GKR7B1QW,,standard,"{""az"":""Digər"",""en"":"""",""ru"":""""}","{""az"":""\nDigər\n\n\n\n\n"",""en"":"""",""ru"":""""}"
01KHPX62GMMQ18HX,2024-03-07 20:00:01.761599+00,,true,,01KHPX62GKGX3BSS,,standard,"{""az"":""Digər Nəqliyyat"",""en"":"""",""ru"":""""}","{""az"":""Digər Nəqliyyat"",""en"":"""",""ru"":""""}"
01KHPX62GMMYP82M,2024-03-14 20:44:56.689523+00,,true,,01KHPX62GK7N1ZXV,,standard,"{""az"":""Ətirlər və dezodarantlar"",""en"":"""",""ru"":""""}","{""az"":""Ətirlər və dezodarantlar\n\n\n\n"",""en"":"""",""ru"":""""}"
01KHPX62GMMZ7PZT,2024-03-12 20:07:07.25636+00,,true,,01KHPX62GM1HVCPH,,standard,"{""az"":""Macəralar, hekayələr və daha çox"",""en"":"""",""ru"":""""}","{""az"":""\nMacəralar, hekayələr və daha çox\n"",""en"":"""",""ru"":""""}"
01KHPX62GMN0PY27,2024-03-12 20:08:44.845853+00,,true,,01KHPX62GM1HVCPH,,standard,"{""az"":""İnkişaf və təlim"",""en"":"""",""ru"":""""}","{""az"":""İnkişaf və təlim\n\n\n\n"",""en"":"""",""ru"":""""}"
01KHPX62GMN4BH9M,2024-03-07 20:06:39.434939+00,,true,,01KHPX62GK7VM447,,standard,"{""az"":""Həyət evləri və bağ evləri"",""en"":"""",""ru"":""""}","{""az"":""Həyət evləri və bağ evləri"",""en"":"""",""ru"":""""}"
01KHPX62GMN60D8N,2024-03-18 20:14:21.714213+00,,true,,01KHPX62GKQ42KHP,,standard,"{""az"":""Uniformalar və xüsusi geyimlər"",""en"":"""",""ru"":""""}","{""az"":""Uniformalar və xüsusi geyimlər\n\n"",""en"":"""",""ru"":""""}"
01KHPX62GMN6QR6Q,2024-03-15 19:35:53.394086+00,,true,,01KHPX62GK8TQ8TV,,standard,"{""az"":""Pendir"",""en"":"""",""ru"":""""}","{""az"":""Pendir\n\n"",""en"":"""",""ru"":""""}"
01KHPX62GMNAAVYN,2024-03-12 20:02:36.348002+00,,true,,01KHPX62GMJ7R3MJ,,standard,"{""az"":""Danışıq terapisti kursu"",""en"":"""",""ru"":""""}","{""az"":""Danışıq terapisti kursu\n"",""en"":"""",""ru"":""""}"
01KHPX62GMNCYTZF,2024-03-14 20:45:53.116236+00,,true,,01KHPX62GK7N1ZXV,,standard,"{""az"":""Gözəllik avadanlığı"",""en"":"""",""ru"":""""}","{""az"":""Gözəllik avadanlığı\n\n\n\n\n\n\n"",""en"":"""",""ru"":""""}"
01KHPX62GMNDDGF6,2024-03-07 19:52:45.878464+00,,true,,01KHPX62GKNSE8JP,,standard,"{""az"":""Hamiləlik və analıq"",""en"":"""",""ru"":""""}","{""az"":""Hamiləlik və analıq"",""en"":"""",""ru"":""""}"
01KHPX62GMNFJXQQ,2024-03-18 20:25:18.083256+00,,true,,01KHPX62GK89CT0T,,standard,"{""az"":""Mexaniki saatlar"",""en"":"""",""ru"":""""}","{""az"":""Mexaniki saatlar\n\n\n"",""en"":"""",""ru"":""""}"
01KHPX62GMNHG93C,2024-03-14 06:09:48.930598+00,,true,,01KHPX62GMB10HKC,,standard,"{""az"":""Geyim və ayaqqabı"",""en"":"""",""ru"":""""}","{""az"":""Geyim və ayaqqabı\n"",""en"":"""",""ru"":""""}"
01KHPX62GMNK5AJ2,2024-03-18 20:14:50.355672+00,,true,,01KHPX62GKQ42KHP,,standard,"{""az"":""Toy və Party geyimləri"",""en"":"""",""ru"":""""}","{""az"":""Toy və Party geyimləri\n\n\n"",""en"":"""",""ru"":""""}"
01KHPX62GMNNVJE5,2024-03-15 19:20:28.691507+00,,true,,01KHPX62GKJT6T7F,,standard,"{""az"":""Dənli məhsullar"",""en"":"""",""ru"":""""}","{""az"":""Dənli məhsullar\n\n\n\n\n"",""en"":"""",""ru"":""""}"
01KHPX62GMNQ4AFS,2024-03-12 20:09:05.024586+00,,true,,01KHPX62GM1HVCPH,,standard,"{""az"":""Digər"",""en"":"""",""ru"":""""}","{""az"":""Digər\n"",""en"":"""",""ru"":""""}"
01KHPX62GMNQYJME,2024-02-18 19:24:43+00,2024-02-18 19:24:45+00,true,Ayyaqqabilar,01KHPX62GMJD211R,,standard,"{""az"":""Ayyaqabilar"",""en"":"""",""ru"":""""}","{""az"":""Ayyaqabilar"",""en"":"""",""ru"":""""}"
01KHPX62GMNT9E4M,2024-03-15 19:16:35.146548+00,,true,,01KHPX62GKJT6T7F,,standard,"{""az"":""Hazır yeməklər"",""en"":"""",""ru"":""""}","{""az"":""Hazır yeməklər\n\n"",""en"":"""",""ru"":""""}"
01KHPX62GMPFSY88,2024-03-15 19:52:00.247687+00,,true,,01KHPX62GKQ3KG3D,,standard,"{""az"":""Qənnadı məhsulları (Şirniyyatlar)"",""en"":"""",""ru"":""""}","{""az"":""Qənnadı məhsulları (Şirniyyatlar)\n\n\n\n"",""en"":"""",""ru"":""""}"
01KHPX62GMPKRGDT,2024-03-14 20:51:56.982065+00,,true,,01KHPX62GK2JN6MY,,standard,"{""az"":""Digər"",""en"":"""",""ru"":""""}","{""az"":""Digər\n\n\n\n\n\n"",""en"":"""",""ru"":""""}"
01KHPX62GMPNDYA2,2024-03-08 18:53:10.50888+00,,true,,01KHPX62GKNGXP6J,,standard,"{""az"":""Şirkətlər"",""en"":"""",""ru"":""""}","{""az"":""Şirkətlər"",""en"":"""",""ru"":""""}"
01KHPX62GMPNE77G,2024-03-08 19:15:20.286945+00,,true,,01KHPX62GKN9AEED,,standard,"{""az"":""Balıqlar və Balıq aləmi"",""en"":"""",""ru"":""""}","{""az"":""Balıqlar və Balıq aləmi"",""en"":"""",""ru"":""""}"
01KHPX62GMPV9TG1,2024-03-18 20:16:59.872507+00,,true,,01KHPX62GKQ42KHP,,standard,"{""az"":""Digər"",""en"":"""",""ru"":""""}","{""az"":""Digər\n\n\n\n\n\n"",""en"":"""",""ru"":""""}"
01KHPX62GMPXN9FA,2024-03-16 20:38:04.795981+00,,true,,01KHPX62GMS14PAB,,standard,"{""az"":""Estetik Lazer mərkəzləri"",""en"":"""",""ru"":""""}","{""az"":""Estetik Lazer mərkəzləri\n\n"",""en"":"""",""ru"":""""}"
01KHPX62GMQ2ERE4,2024-03-14 20:51:12.566264+00,,true,,01KHPX62GK2JN6MY,,standard,"{""az"":""Elektrikli diş fırçaları"",""en"":"""",""ru"":""""}","{""az"":""Elektrikli diş fırçaları\n\n\n\n"",""en"":"""",""ru"":""""}"
01KHPX62GMQ4JYEA,2024-03-15 19:57:17.278244+00,,true,,01KHPX62GKNXP8R5,,standard,"{""az"":""Kompotlar"",""en"":"""",""ru"":""""}","{""az"":""Kompotlar\n"",""en"":"""",""ru"":""""}"
01KHPX62GMQ4QKRS,2024-03-07 20:14:12.20988+00,,true,,01KHPX62GKETSNBZ,,standard,"{""az"":""İşıqlar və İşıqlandırma"",""en"":"""",""ru"":""""}","{""az"":""İşıqlar və İşıqlandırma"",""en"":"""",""ru"":""""}"
01KHPX62GMQRHJGN,2024-03-18 20:33:40.018877+00,,true,,01KHPX62GKR7B1QW,,standard,"{""az"":""Muncuq və zərgərlik istehsalı"",""en"":"""",""ru"":""""}","{""az"":""\nMuncuq və zərgərlik istehsalı\n\n\n\n"",""en"":"""",""ru"":""""}"
01KHPX62GMQWJ2C6,2024-03-14 21:01:10.424761+00,,true,,01KHPX62GKB35ZDJ,,standard,"{""az"":""Burun və qulaq trimmer"",""en"":"""",""ru"":""""}","{""az"":""Burun və qulaq trimmer\n\n\n\n"",""en"":"""",""ru"":""""}"
01KHPX62GMQX665H,2024-03-12 19:33:54.441043+00,,true,,01KHPX62GK3SDAX9,,standard,"{""az"":""Tarix və Bioqrafiya"",""en"":"""",""ru"":""""}","{""az"":""Tarix və Bioqrafiya\n\n"",""en"":"""",""ru"":""""}"
01KHPX62GMQY1BE9,2024-03-14 20:57:03.479224+00,,true,,01KHPX62GMCFTEV8,,standard,"{""az"":""Üz"",""en"":"""",""ru"":""""}","{""az"":""Üz\n\n\n\n\n\n"",""en"":"""",""ru"":""""}"
01KHPX62GMQYMFFA,2024-03-12 20:02:06.433168+00,,true,,01KHPX62GMJ7R3MJ,,standard,"{""az"":""Abituriyent hazırlığı kursu"",""en"":"""",""ru"":""""}","{""az"":""Abituriyent hazırlığı kursu\n\n\n\n"",""en"":"""",""ru"":""""}"
01KHPX62GMQYQPKZ,2024-03-16 20:35:47.892386+00,,true,,01KHPX62GMS14PAB,,standard,"{""az"":""Spa mərkəzləri"",""en"":"""",""ru"":""""}","{""az"":""Spa mərkəzləri\n\n"",""en"":"""",""ru"":""""}"
01KHPX62GMR2DX86,2024-03-08 19:07:25.664824+00,,true,,01KHPX62GK8YK090,,standard,"{""az"":""Biletlər"",""en"":"""",""ru"":""""}","{""az"":""Biletlər"",""en"":"""",""ru"":""""}"
01KHPX62GMR46JW4,2024-03-14 06:10:25.338194+00,,true,,01KHPX62GMB10HKC,,standard,"{""az"":""Heyvanlar"",""en"":"""",""ru"":""""}","{""az"":""Heyvanlar\n\n\n"",""en"":"""",""ru"":""""}"
01KHPX62GMRBEACV,2024-03-12 20:01:39.924117+00,,true,,01KHPX62GMJ7R3MJ,,standard,"{""az"":""Məktəbəqədər hazırlıq kursu"",""en"":"""",""ru"":""""}","{""az"":""\nMəktəbəqədər hazırlıq kursu\n\n\n"",""en"":"""",""ru"":""""}"
01KHPX62GMRRJHB9,2024-03-12 20:07:47.464848+00,,true,,01KHPX62GM1HVCPH,,standard,"{""az"":""Hər şeyi bilmək istəyirəm. Ensiklopediyalar"",""en"":"""",""ru"":""""}","{""az"":""Hər şeyi bilmək istəyirəm. Ensiklopediyalar\n\n"",""en"":"""",""ru"":""""}"
01KHPX62GMS14PAB,2024-03-08 18:46:38.802329+00,,true,,01KHPX62GKNGXP6J,,standard,"{""az"":""Klinika və Sağlamlıq mərkəzləri"",""en"":"""",""ru"":""""}","{""az"":""Klinika və Sağlamlıq mərkəzləri"",""en"":"""",""ru"":""""}"
01KHPX62GMS33H75,2024-03-18 20:31:23.225033+00,,true,,01KHPX62GKR7B1QW,,standard,"{""az"":""İncə zərgərlik"",""en"":"""",""ru"":""""}","{""az"":""İncə zərgərlik\n"",""en"":"""",""ru"":""""}"
01KHPX62GMS84QNN,2024-03-18 20:25:00.115564+00,,true,,01KHPX62GK89CT0T,,standard,"{""az"":""Saat aksesuarları"",""en"":"""",""ru"":""""}","{""az"":""Saat aksesuarları\n\n"",""en"":"""",""ru"":""""}"
01KHPX62GMS94BY1,2024-03-18 20:15:36.61881+00,,true,,01KHPX62GKQ42KHP,,standard,"{""az"":""Papaq, Şərf, Əlcək"",""en"":"""",""ru"":""""}","{""az"":""Papaq, Şərf, Əlcək\n\n\n\n\n\n"",""en"":"""",""ru"":""""}"
01KHPX62GMSBF0JF,2024-03-14 20:46:57.369475+00,,true,,01KHPX62GKV808QZ,,standard,"{""az"":""Sifət"",""en"":"""",""ru"":""""}","{""az"":""Sifət\n"",""en"":"""",""ru"":""""}"
01KHPX62GMSCRYAC,2024-03-06 19:54:12.573823+00,,true,,01KHPX62GKQ1DA84,,standard,"{""az"":""Təhsil veb saytı"",""en"":"""",""ru"":""""}","{""az"":""Təhsil veb saytı"",""en"":"""",""ru"":""""}"
01KHPX62GMSGNE2Z,2024-03-12 20:08:06.453839+00,,true,,01KHPX62GM1HVCPH,,standard,"{""az"":""Özün rənglə"",""en"":"""",""ru"":""""}","{""az"":""Özün rənglə\n\n\n"",""en"":"""",""ru"":""""}"
01KHPX62GMSH4Q70,2024-03-14 20:56:29.220183+00,,true,,01KHPX62GMCFTEV8,,standard,"{""az"":""Gözlər"",""en"":"""",""ru"":""""}","{""az"":""Gözlər\n\n\n\n"",""en"":"""",""ru"":""""}"
01KHPX62GMT935NJ,2024-03-06 19:15:25.11032+00,,true,,01KHPX62GKS0Q7GH,,standard,"{""az"":""Xaricdə Təhsil"",""en"":"""",""ru"":""""}","{""az"":""Xaricdə Təhsil"",""en"":"""",""ru"":""""}"
01KHPX62GMTBK8ZX,2024-03-15 19:55:32.729186+00,,true,,01KHPX62GKNXP8R5,,standard,"{""az"":""Konservlər"",""en"":"""",""ru"":""""}","{""az"":""Konservlər\n"",""en"":"""",""ru"":""""}"
01KHPX62GMTBRHGK,2024-03-14 21:00:17.253174+00,,true,,01KHPX62GKB35ZDJ,,standard,"{""az"":""Saça qulluq və düzəliş"",""en"":"""",""ru"":""""}","{""az"":""Saça qulluq və düzəliş\n"",""en"":"""",""ru"":""""}"
01KHPX62GMTDDV11,2024-03-08 18:50:40.596267+00,,true,,01KHPX62GKNGXP6J,,standard,"{""az"":""Bərbərxana və Gözəllik salonları"",""en"":"""",""ru"":""""}","{""az"":""Bərbərxana və Gözəllik salonları"",""en"":"""",""ru"":""""}"
01KHPX62GMTP3ZF7,2024-03-15 19:26:50.631287+00,,true,,01KHPX62GKDV7R2J,,standard,"{""az"":""Kompotlar"",""en"":"""",""ru"":""""}","{""az"":""Kompotlar\n\n\n\n\n\n"",""en"":"""",""ru"":""""}"
01KHPX62GMTTMWN5,2024-03-14 20:44:19.052869+00,,true,,01KHPX62GK7N1ZXV,,standard,"{""az"":""Tatuaj və Bədən sənəti"",""en"":"""",""ru"":""""}","{""az"":""Tatuaj və Bədən sənəti\n\n"",""en"":"""",""ru"":""""}"
01KHPX62GMTXYZ41,2024-03-12 20:03:18.061947+00,,true,,01KHPX62GMJ7R3MJ,,standard,"{""az"":""Müalicəvi kurslar"",""en"":"""",""ru"":""""}","{""az"":""Müalicəvi kurslar\n\n\n"",""en"":"""",""ru"":""""}"
01KHPX62GMTZV1FM,2024-03-12 19:30:59.451671+00,,true,,01KHPX62GK3SDAX9,,standard,"{""az"":""Qeyri-Bədii ədəbiyyat"",""en"":"""",""ru"":""""}","{""az"":""Qeyri-Bədii ədəbiyyat\n"",""en"":"""",""ru"":""""}"
01KHPX62GMV5F3TN,2024-03-15 19:22:14.753232+00,,true,,01KHPX62GKDV7R2J,,standard,"{""az"":""Enerji içkiləri"",""en"":"""",""ru"":""""}","{""az"":""Enerji içkiləri\n"",""en"":"""",""ru"":""""}"
01KHPX62GMV71A2R,2024-03-14 06:13:55.24693+00,,true,,01KHPX62GJH5VHNM,,standard,"{""az"":""Alətlər və Aksesuarlar"",""en"":"""",""ru"":""""}","{""az"":""Alətlər və Aksesuarlar\n\n\n"",""en"":"""",""ru"":""""}"
01KHPX62GMV8DQ57,2024-02-18 19:10:51+00,2024-02-18 19:10:53+00,true,minik-avto.png,01KHPX62GJDWS0F9,,standard,"{""az"":""Minik Avtomobiller"",""en"":"""",""ru"":""""}","{""az"":""Minik Avtomobiller"",""en"":"""",""ru"":""""}"
01KHPX62GMVCN92B,2024-03-08 19:12:36.501102+00,,true,,01KHPX62GKX8R996,,standard,"{""az"":""Məişət texnikası"",""en"":"""",""ru"":""""}","{""az"":""Məişət texnikası"",""en"":"""",""ru"":""""}"
01KHPX62GMVHZ3VC,2024-03-14 06:10:43.331175+00,,true,,01KHPX62GMB10HKC,,standard,"{""az"":""Digər"",""en"":"""",""ru"":""""}","{""az"":""Digər\n\n\n\n"",""en"":"""",""ru"":""""}"
01KHPX62GMVJ3S8J,2024-03-14 06:02:45.54395+00,,true,,01KHPX62GMG314GD,,standard,"{""az"":""Kömək təşkilatları"",""en"":"""",""ru"":""""}","{""az"":""\nKömək təşkilatları\n\n\n"",""en"":"""",""ru"":""""}"
01KHPX62GMW0093Q,2024-03-18 20:13:57.726621+00,,true,,01KHPX62GKQ42KHP,,standard,"{""az"":""Geyim aksesuarları"",""en"":"""",""ru"":""""}","{""az"":""Geyim aksesuarları\n\n"",""en"":"""",""ru"":""""}"
01KHPX62GMW26FSM,2024-03-14 20:50:23.930662+00,,true,,01KHPX62GK2JN6MY,,standard,"{""az"":""Kontakt linzalar"",""en"":"""",""ru"":""""}","{""az"":""Kontakt linzalar\n\n\n"",""en"":"""",""ru"":""""}"
01KHPX62GMW3MYRZ,2024-03-07 20:08:47.712933+00,,true,,01KHPX62GK7VM447,,standard,"{""az"":""Mağazalar və Mağaza şöbələri"",""en"":"""",""ru"":""""}","{""az"":""Mağazalar və Mağaza şöbələri"",""en"":"""",""ru"":""""}"
01KHPX62GMW4DVYD,2024-03-18 20:16:36.368476+00,,true,,01KHPX62GKQ42KHP,,standard,"{""az"":""Toxunma geyimlər"",""en"":"""",""ru"":""""}","{""az"":""Toxunma geyimlər\n\n\n\n\n\n"",""en"":"""",""ru"":""""}"
01KHPX62GMW5T55Z,2024-03-15 19:15:31.137841+00,,true,,01KHPX62GKNK5H1Q,,standard,"{""az"":""Digər ətlər və ət məhsulları"",""en"":"""",""ru"":""""}","{""az"":""Digər ətlər və ət məhsulları\n\n\n\n\n"",""en"":"""",""ru"":""""}"
01KHPX62GMW77W2C,2024-03-15 19:26:35.262039+00,,true,,01KHPX62GKDV7R2J,,standard,"{""az"":""Kakao"",""en"":"""",""ru"":""""}","{""az"":""Kakao\n\n\n\n\n"",""en"":"""",""ru"":""""}"
01KHPX62GMW9N63N,2024-03-15 19:46:07.820582+00,,true,,01KHPX62GK8TQ8TV,,standard,"{""az"":""Yoqurt"",""en"":"""",""ru"":""""}","{""az"":""Yoqurt\n\n\n\n\n\n"",""en"":"""",""ru"":""""}"
01KHPX62GMWCQDPN,2024-03-14 20:40:59.951709+00,,true,,01KHPX62GK7N1ZXV,,standard,"{""az"":""Dırnaq incəsənəti və Alətləri"",""en"":"""",""ru"":""""}","{""az"":""Dırnaq incəsənəti və Alətləri\n"",""en"":"""",""ru"":""""}"
01KHPX62GMWGR2S7,2024-03-18 20:25:36.665572+00,,true,,01KHPX62GK89CT0T,,standard,"{""az"":""Kvars saatlar "",""en"":"""",""ru"":""""}","{""az"":""Kvars saatlar \n\n\n"",""en"":"""",""ru"":""""}"
01KHPX62GMWMA6WC,2024-02-18 19:24:02+00,2024-02-18 19:24:04+00,true,paltar.png,01KHPX62GMJD211R,,standard,"{""az"":""Paltar"",""en"":"""",""ru"":""""}","{""az"":""Paltar"",""en"":"""",""ru"":""""}"
01KHPX62GMWMABNH,2024-03-07 20:09:47.716531+00,,true,,01KHPX62GK7VM447,,standard,"{""az"":""Saxlama anbarları və Təmir sexləri"",""en"":"""",""ru"":""""}","{""az"":""Saxlama anbarları və Təmir sexləri"",""en"":"""",""ru"":""""}"
01KHPX62GMWW8E1P,2024-03-18 20:13:13.286527+00,,true,,01KHPX62GKQ42KHP,,standard,"{""az"":""Geyimlər"",""en"":"""",""ru"":""""}","{""az"":""Geyimlər\n"",""en"":"""",""ru"":""""}"
01KHPX62GMX0BDFK,2024-03-14 20:58:17.059456+00,,true,,01KHPX62GMCFTEV8,,standard,"{""az"":""Digər"",""en"":"""",""ru"":""""}","{""az"":""Digər\n\n\n\n\n\n\n\n\n\n"",""en"":"""",""ru"":""""}"
01KHPX62GMX1TGRP,2024-03-08 18:51:33.017366+00,,true,,01KHPX62GKNGXP6J,,standard,"{""az"":""İstirahət mərkəzləri"",""en"":"""",""ru"":""""}","{""az"":""İstirahət mərkəzləri"",""en"":"""",""ru"":""""}"
01KHPX62GMX3Z48T,2024-03-12 19:32:24.28448+00,,true,,01KHPX62GK3SDAX9,,standard,"{""az"":""Lüğətlər və Danışıq kitabçaları"",""en"":"""",""ru"":""""}","{""az"":""Lüğətlər və Danışıq kitabçaları\n"",""en"":"""",""ru"":""""}"
01KHPX62GMX74QBW,2024-03-14 20:47:34.099643+00,,true,,01KHPX62GKV808QZ,,standard,"{""az"":""Bədən"",""en"":"""",""ru"":""""}","{""az"":""Bədən\n\n\n"",""en"":"""",""ru"":""""}"
01KHPX62GMXBRK6E,2024-03-14 06:01:44.617776+00,,true,,01KHPX62GMG314GD,,standard,"{""az"":""Yerləşdirmə "",""en"":"""",""ru"":""""}","{""az"":""Yerləşdirmə \n"",""en"":"""",""ru"":""""}"
01KHPX62GMXTXBC0,2024-03-15 19:36:57.745309+00,,true,,01KHPX62GK8TQ8TV,,standard,"{""az"":""Yağlar"",""en"":"""",""ru"":""""}","{""az"":""Yağlar\n\n\n\n"",""en"":"""",""ru"":""""}"
01KHPX62GMXVCKXR,2024-03-12 19:31:54.21837+00,,true,,01KHPX62GK3SDAX9,,standard,"{""az"":""Biznes, Psixologiya Motivasiya"",""en"":"""",""ru"":""""}","{""az"":""Biznes, Psixologiya Motivasiya\n"",""en"":"""",""ru"":""""}"
01KHPX62GMXWAVXC,2024-03-15 19:56:31.457864+00,,true,,01KHPX62GKNXP8R5,,standard,"{""az"":""Mürəbbələr"",""en"":"""",""ru"":""""}","{""az"":""Mürəbbələr\n"",""en"":"""",""ru"":""""}"
01KHPX62GMXXCG5M,2024-03-14 06:12:23.593397+00,,true,,01KHPX62GJH5VHNM,,standard,"{""az"":""Təbii parik saçlar"",""en"":"""",""ru"":""""}","{""az"":""Təbii parik saçlar\n"",""en"":"""",""ru"":""""}"
01KHPX62GMXZ88YW,2024-03-12 19:34:47.45819+00,,true,,01KHPX62GK3SDAX9,,standard,"{""az"":""Musiqi kitabları"",""en"":"""",""ru"":""""}","{""az"":""Musiqi kitabları\n"",""en"":"""",""ru"":""""}"
01KHPX62GMXZD2CV,2024-03-14 06:15:24.268906+00,,true,,01KHPX62GJH5VHNM,,standard,"{""az"":""Digər"",""en"":"""",""ru"":""""}","{""az"":""Digər\n\n\n\n\n\n"",""en"":"""",""ru"":""""}"
01KHPX62GMY0QXHG,2024-03-12 20:00:33.88353+00,,true,,01KHPX62GMJ7R3MJ,,standard,"{""az"":""Coğrafiya kursu"",""en"":"""",""ru"":""""}","{""az"":""Coğrafiya kursu\n\n"",""en"":"""",""ru"":""""}"
01KHPX62GMY552A1,2024-03-07 20:12:55.979491+00,,true,,01KHPX62GKETSNBZ,,standard,"{""az"":""Telekommunikasiya"",""en"":"""",""ru"":""""}","{""az"":""Telekommunikasiya"",""en"":"""",""ru"":""""}"
01KHPX62GMY765JA,2024-03-15 19:50:01.08887+00,,true,,01KHPX62GK31TY2B,,standard,"{""az"":""Göyərtilər"",""en"":"""",""ru"":""""}","{""az"":""Göyərtilər\n\n\n"",""en"":"""",""ru"":""""}"
01KHPX62GMY7742X,2024-03-14 06:02:07.344234+00,,true,,01KHPX62GMG314GD,,standard,"{""az"":""Məşğulluq"",""en"":"""",""ru"":""""}","{""az"":""Məşğulluq\n\n"",""en"":"""",""ru"":""""}"
01KHPX62GMYKN4T7,2024-03-08 19:14:41.972767+00,,true,,01KHPX62GKN9AEED,,standard,"{""az"":""Pişiklər və Pişik aləmi"",""en"":"""",""ru"":""""}","{""az"":""Pişiklər və Pişik aləmi"",""en"":"""",""ru"":""""}"
01KHPX62GMYTCMAR,2024-03-18 20:30:07.016108+00,,true,,01KHPX62GK89CT0T,,standard,"{""az"":""Digər"",""en"":"""",""ru"":""""}","{""az"":""Digər\n\n"",""en"":"""",""ru"":""""}"
01KHPX62GMYWSDNT,2024-03-15 19:47:06.596445+00,,true,,01KHPX62GK8TQ8TV,,standard,"{""az"":""Süd"",""en"":"""",""ru"":""""}","{""az"":""Süd\n\n\n\n\n\n\n\n"",""en"":"""",""ru"":""""}"
01KHPX62GMYYDRY3,2024-03-12 19:32:46.278368+00,,true,,01KHPX62GK3SDAX9,,standard,"{""az"":""Tədris kitabları"",""en"":"""",""ru"":""""}","{""az"":""Tədris kitabları\n"",""en"":"""",""ru"":""""}"
01KHPX62GMZ3BJ3C,2024-03-14 06:14:48.19252+00,,true,,01KHPX62GJH5VHNM,,standard,"{""az"":""Saç vasitələri"",""en"":"""",""ru"":""""}","{""az"":""Saç vasitələri\n\n\n\n\n"",""en"":"""",""ru"":""""}"
01KHPX62GMZ49E15,2024-03-15 19:50:19.914396+00,,true,,01KHPX62GK31TY2B,,standard,"{""az"":""Quru meyvələr və tərəvəzlər"",""en"":"""",""ru"":""""}","{""az"":""Quru meyvələr və tərəvəzlər\n\n\n"",""en"":"""",""ru"":""""}"
01KHPX62GMZ7ATHE,2024-03-15 19:49:42.725946+00,,true,,01KHPX62GK31TY2B,,standard,"{""az"":""Tərəvəzlər"",""en"":"""",""ru"":""""}","{""az"":""Tərəvəzlər\n\n"",""en"":"""",""ru"":""""}"
01KHPX62GMZETFRJ,2024-03-14 20:53:50.114794+00,,true,,01KHPX62GMF310S2,,standard,"{""az"":""Aparatla manikür"",""en"":"""",""ru"":""""}","{""az"":""Aparatla manikür\n"",""en"":"""",""ru"":""""}"
01KHPX62GMZKTXN8,2024-03-15 19:35:30.780721+00,,true,,01KHPX62GK8TQ8TV,,standard,"{""az"":""Şor"",""en"":"""",""ru"":""""}","{""az"":""Şor\n"",""en"":"""",""ru"":""""}"
01KHPX62GN0F58N2,2024-03-20 19:47:54.989888+00,,true,,01KHPX62GKZ93MKV,,standard,"{""az"":""Uzaqdan idarə olunan oyuncaqlar"",""en"":"""",""ru"":""""}","{""az"":""Uzaqdan idarə olunan oyuncaqlar\n\n"",""en"":"""",""ru"":""""}"
01KHPX62GN26JMMS,2024-03-19 19:31:19.931402+00,,true,,01KHPX62GKEX118R,,standard,"{""az"":""Qız geyimləri"",""en"":"""",""ru"":""""}","{""az"":""Qız geyimləri\n\n\n"",""en"":"""",""ru"":""""}"
01KHPX62GN3774PY,2024-03-20 19:48:11.257331+00,,true,,01KHPX62GKZ93MKV,,standard,"{""az"":""Klassik oyuncaqlar"",""en"":"""",""ru"":""""}","{""az"":""Klassik oyuncaqlar\n\n\n"",""en"":"""",""ru"":""""}"
01KHPX62GN39WJP9,2024-03-19 19:31:02.730503+00,,true,,01KHPX62GKEX118R,,standard,"{""az"":""Körpə oğlan geyimləri"",""en"":"""",""ru"":""""}","{""az"":""Körpə oğlan geyimləri\n\n"",""en"":"""",""ru"":""""}"
01KHPX62GN41R057,2024-03-20 19:39:24.221653+00,,true,,01KHPX62GK0CR2F8,,standard,"{""az"":""Təhlükəsizlik avadanlığı"",""en"":"""",""ru"":""""}","{""az"":""Təhlükəsizlik avadanlığı\n\n\n"",""en"":"""",""ru"":""""}"
01KHPX62GN4H9MWE,2024-03-19 19:31:35.0771+00,,true,,01KHPX62GKEX118R,,standard,"{""az"":""Oğlan geyimləri"",""en"":"""",""ru"":""""}","{""az"":""Oğlan geyimləri\n\n\n"",""en"":"""",""ru"":""""}"
01KHPX62GN4ZPNM2,2024-03-20 19:41:15.315833+00,,true,,01KHPX62GK0CR2F8,,standard,"{""az"":""Digər"",""en"":"""",""ru"":""""}","{""az"":""Digər\n\n\n\n\n\n\n\n"",""en"":"""",""ru"":""""}"
01KHPX62GN57AQWS,2024-03-19 19:31:52.541431+00,,true,,01KHPX62GKEX118R,,standard,"{""az"":""Uşaq ayaqqabıları"",""en"":"""",""ru"":""""}","{""az"":""Uşaq ayaqqabıları\n\n\n\n"",""en"":"""",""ru"":""""}"
01KHPX62GN5CBMZ6,2024-03-20 19:40:40.016942+00,,true,,01KHPX62GK0CR2F8,,standard,"{""az"":""Uşaqlar üçün avto oturacaqlar"",""en"":"""",""ru"":""""}","{""az"":""Uşaqlar üçün avto oturacaqlar\n\n\n\n\n\n"",""en"":"""",""ru"":""""}"
01KHPX62GN68KXF3,2024-03-20 19:39:46.097105+00,,true,,01KHPX62GK0CR2F8,,standard,"{""az"":""Uşaq üçün qulluq vasitələri"",""en"":"""",""ru"":""""}","{""az"":""Uşaq üçün qulluq vasitələri\n\n\n\n"",""en"":"""",""ru"":""""}"
01KHPX62GN6QEVCZ,2024-03-20 19:48:27.420249+00,,true,,01KHPX62GKZ93MKV,,standard,"{""az"":""Öyrənmə və Təhsil"",""en"":"""",""ru"":""""}","{""az"":""Öyrənmə və Təhsil\n\n\n\n"",""en"":"""",""ru"":""""}"
01KHPX62GN9FRRHV,2024-03-20 19:49:34.795256+00,,true,,01KHPX62GKZ93MKV,,standard,"{""az"":""Körpə və uşaq oyuncaqları"",""en"":"""",""ru"":""""}","{""az"":""Körpə və uşaq oyuncaqları\n\n\n\n\n"",""en"":"""",""ru"":""""}"
01KHPX62GNFCRDT6,2024-03-20 19:52:09.621271+00,,true,,01KHPX62GKZ93MKV,,standard,"{""az"":""Hovuz və su əyləncəsi"",""en"":"""",""ru"":""""}","{""az"":""Hovuz və su əyləncəsi\n\n\n\n\n\n\n\n\n\n\n"",""en"":"""",""ru"":""""}"
01KHPX62GNH85QE5,2024-03-20 19:40:03.546762+00,,true,,01KHPX62GK0CR2F8,,standard,"{""az"":""Uşaq arabaları və Hərəkət avadanlıqları"",""en"":"""",""ru"":""""}","{""az"":""Uşaq arabaları və Hərəkət avadanlıqları\n\n\n\n"",""en"":"""",""ru"":""""}"
01KHPX62GNHNX6H6,2024-03-20 19:47:37.416182+00,,true,,01KHPX62GKZ93MKV,,standard,"{""az"":""Gəlinciklər və yumşaq oyuncaqlar"",""en"":"""",""ru"":""""}","{""az"":""Gəlinciklər və yumşaq oyuncaqlar\n"",""en"":"""",""ru"":""""}"
01KHPX62GNKYRCS9,2024-03-20 19:48:43.700582+00,,true,,01KHPX62GKZ93MKV,,standard,"{""az"":""Açıq əyləncə və idman"",""en"":"""",""ru"":""""}","{""az"":""Açıq əyləncə və idman\n\n\n\n"",""en"":"""",""ru"":""""}"
01KHPX62GNNYMXFS,2024-03-20 19:51:33.919171+00,,true,,01KHPX62GKZ93MKV,,standard,"{""az"":""İncəsənət və sənətkarlıq. DİY oyuncaqlar"",""en"":"""",""ru"":""""}","{""az"":""İncəsənət və sənətkarlıq. DİY oyuncaqlar\n\n\n\n\n\n\n\n\n"",""en"":"""",""ru"":""""}"
01KHPX62GNPEXG8S,2024-03-20 19:51:53.149623+00,,true,,01KHPX62GKZ93MKV,,standard,"{""az"":""Populyar oyuncaqlar"",""en"":"""",""ru"":""""}","{""az"":""İPopulyar oyuncaqlar\n\n\n\n\n\n\n\n\n\n"",""en"":"""",""ru"":""""}"
01KHPX62GNPQ22W3,2024-03-20 19:51:18.375034+00,,true,,01KHPX62GKZ93MKV,,standard,"{""az"":""Yüksək texnologiyalı oyuncaqlar"",""en"":"""",""ru"":""""}","{""az"":""Yüksək texnologiyalı oyuncaqlar\n\n\n\n\n\n\n\n\n"",""en"":"""",""ru"":""""}"
01KHPX62GNQK3H5N,2024-03-20 19:50:27.258969+00,,true,,01KHPX62GKZ93MKV,,standard,"{""az"":""Stress çıxardan oyuncaqlar"",""en"":"""",""ru"":""""}","{""az"":""Stress çıxardan oyuncaqlar\n\n\n\n\n\n"",""en"":"""",""ru"":""""}"
01KHPX62GNQMD0HB,2024-03-20 19:50:10.447174+00,,true,,01KHPX62GKZ93MKV,,standard,"{""az"":""Bulmacalar və oyuncaqlar"",""en"":"""",""ru"":""""}","{""az"":""Bulmacalar və oyuncaqlar\n\n\n\n\n"",""en"":"""",""ru"":""""}"
01KHPX62GNRZFNFP,2024-03-20 19:39:01.566127+00,,true,,01KHPX62GK0CR2F8,,standard,"{""az"":""Qidalanma"",""en"":"""",""ru"":""""}","{""az"":""Qidalanma\n\n"",""en"":"""",""ru"":""""}"
01KHPX62GNS74WHG,2024-03-20 19:51:01.607692+00,,true,,01KHPX62GKZ93MKV,,standard,"{""az"":""Oyun kolleksiya kartları"",""en"":"""",""ru"":""""}","{""az"":""Oyun kolleksiya kartları\n\n\n\n\n\n\n\n"",""en"":"""",""ru"":""""}"
01KHPX62GNVGSCZV,2024-03-20 19:50:43.757815+00,,true,,01KHPX62GKZ93MKV,,standard,"{""az"":""Tikinti oyuncaqlar"",""en"":"""",""ru"":""""}","{""az"":""Tikinti oyuncaqlar\n\n\n\n\n\n\n"",""en"":"""",""ru"":""""}"
01KHPX62GNWQD5J1,2024-03-20 19:49:18.493969+00,,true,,01KHPX62GKZ93MKV,,standard,"{""az"":""Oyuncaq nəqliyyat vasitələri"",""en"":"""",""ru"":""""}","{""az"":""Oyuncaq nəqliyyat vasitələri\n\n\n\n\n"",""en"":"""",""ru"":""""}"
01KHPX62GNXN4Y01,2024-03-20 19:49:51.274888+00,,true,,01KHPX62GKZ93MKV,,standard,"{""az"":""Elektron oyuncaqlar"",""en"":"""",""ru"":""""}","{""az"":""Elektron oyuncaqlar\n\n\n\n\n"",""en"":"""",""ru"":""""}"
01KHPX62GNY4105B,2024-03-20 19:38:33.92312+00,,true,,01KHPX62GK0CR2F8,,standard,"{""az"":""Uşaq və körpə mebeli"",""en"":"""",""ru"":""""}","{""az"":""Uşaq və körpə mebeli\n"",""en"":"""",""ru"":""""}"
01KHPX62GNYFRD1J,2024-03-20 19:49:00.220325+00,,true,,01KHPX62GKZ93MKV,,standard,"{""az"":""Fiqur oyuncaqlar"",""en"":"""",""ru"":""""}","{""az"":""Fiqur oyuncaqlar\n\n\n\n"",""en"":"""",""ru"":""""}"